subject	session	run
10317	01	1
10317	01	2
10369	01	1
10369	01	2
10402	01	1
10402	01	2
10418	01	1
10418	01	2
10462	01	1
10478	01	1
10478	01	2
10486	01	1
10486	01	2
10529	01	1
10529	01	2
10541	01	1
10541	01	2
10559	01	1
10559	01	2
10572	01	1
10572	01	2
10581	01	1
10581	01	2
10584	01	1
10585	01	1
10585	01	2
10589	01	1
10589	01	2
10590	01	1
10590	01	2
10596	01	1
10596	01	2
10603	01	1
10606	01	1
10606	01	2
10608	01	1
10617	01	1
10636	01	1
10636	01	2
10638	01	1
10638	01	2
10640	01	1
10640	01	2
10641	01	1
10642	01	1
10642	01	2
10644	01	1
10644	01	2
10647	01	1
10647	01	2
10649	01	1
10649	01	2
10652	01	1
10652	01	2
10656	01	1
10656	01	2
10657	01	2
10661	01	1
10661	01	2
10663	01	1
10663	01	2
10668	01	1
10668	01	2
10673	01	1
10673	01	2
10674	01	1
10674	01	2
10677	01	1
10677	01	2
10685	01	1
10685	01	2
10690	01	1
10690	01	2
10691	01	1
10691	01	2
10700	01	1
10700	01	2
10701	01	1
10701	01	2
10713	01	1
10713	01	2
10716	01	1
10716	01	2
10718	01	1
10718	01	2
10720	01	1
10720	01	2
10723	01	1
10723	01	2
10741	01	1
10741	01	2
10748	01	1
10748	01	2
10767	01	1
10767	01	2
10770	01	1
10770	01	2
10777	01	1
10777	01	2
10781	01	1
10781	01	2
10783	01	1
10783	01	2
10785	01	1
10785	01	2
10794	01	1
10794	01	2
10800	01	1
10800	01	2
10801	01	1
10801	01	2
10802	01	1
10802	01	2
10803	01	1
10804	01	1
10804	01	2
10806	01	1
10806	01	2
10807	01	1
10807	01	2
10809	01	2
10810	01	1
10810	01	2
10812	01	1
10812	01	2
10817	01	1
10817	01	2
10827	01	1
10827	01	2
10831	01	1
10831	01	2
10834	01	1
10834	01	2
10838	01	1
10838	01	2
10843	01	1
10843	01	2
10850	01	1
10850	01	2
10854	01	1
10854	01	2
10857	01	1
10857	01	2
10858	01	1
10858	01	2
10860	01	1
10860	01	2
10862	01	1
10862	01	2
10863	01	1
10863	01	2
10866	01	1
10866	01	2
10875	01	1
10875	01	2
10881	01	1
10886	01	1
10887	01	1
10887	01	2
10896	01	1
10896	01	2
10897	01	1
10898	01	1
10898	01	2
10908	01	1
10908	01	2
10913	01	1
10913	01	2
10918	01	1
10918	01	2
10919	01	1
10919	01	2
10924	01	1
10924	01	2
10926	01	1
10926	01	2
10928	01	1
10928	01	2
10929	01	1
10929	01	2
10930	01	1
10930	01	2
10938	01	1
10938	01	2
10940	01	1
10940	01	2
10950	01	1
10950	01	2
10951	01	1
10951	01	2
10952	01	1
10952	01	2
10953	01	1
10953	01	2
10954	01	1
10956	01	1
10956	01	2
10958	01	1
10958	01	2
10961	01	1
10961	01	2
10964	01	1
10964	01	2
10966	01	1
10966	01	2
10969	01	1
10969	01	2
10974	01	1
10974	01	2
10977	01	1
10977	01	2
10979	01	1
10979	01	2
10983	01	1
10983	01	2
10984	01	1
10984	01	2
10998	01	1
10998	01	2
11005	01	1
11005	01	2
11007	01	1
11007	01	2
11012	01	1
11012	01	2
11016	01	1
11016	01	2
11021	01	1
11021	01	2
11030	01	1
11030	01	2
11031	01	1
11031	01	2
11036	01	1
11036	01	2
11039	01	1
11039	01	2
11042	01	1
11042	01	2
11053	01	1
11053	01	2
11058	01	1
11058	01	2
11060	01	1
11060	01	2
11063	01	1
11063	01	2
11064	01	1
11064	01	2
11065	01	1
11065	01	2
11066	01	1
11066	01	2
11068	01	1
11068	01	2
11071	01	1
11071	01	2
11072	01	1
11072	01	2
11074	01	1
11074	01	2
11075	01	1
11075	01	2
11076	01	1
11078	01	1
11078	01	2
11083	01	1
11083	01	2
11084	01	1
11084	01	2
11085	01	1
11085	01	2
11090	01	1
11090	01	2
11110	01	1
11110	01	2
11113	01	1
11113	01	2
11116	01	1
11116	01	2
11120	01	1
11120	01	2
11125	01	1
11126	01	1
11128	01	1
11128	01	2
11134	01	1
11134	01	2
11139	01	1
11139	01	2
11145	01	1
11145	01	2
11164	01	1
11167	01	1
11167	01	2
11168	01	1
11168	01	2
11171	01	1
11171	01	2
11177	01	1
11177	01	2
11192	01	1
11192	01	2
11193	01	1
11193	01	2
11201	01	1
11203	01	1
11203	01	2
11209	01	1
11209	01	2
11227	01	1
11227	01	2
11238	01	1
11238	01	2
11241	01	1
11241	01	2
11246	01	1
11246	01	2
11276	01	1
11276	01	2
11286	01	1
11301	01	1
11301	01	2
11311	01	1
11311	01	2
11312	01	1
11312	01	2
11316	01	1
11316	01	2
11318	01	1
11318	01	2
11321	01	1
11321	01	2
11325	01	1
11325	01	2
11326	01	1
11326	01	2
11329	01	1
11329	01	2
11330	01	1
11330	01	2
11337	01	1
11337	01	2
11338	01	1
11338	01	2
11340	01	1
11340	01	2
11343	01	1
11343	01	2
11345	01	1
11345	01	2
11348	01	1
11348	01	2
11358	01	1
11358	01	2
11364	01	1
11364	01	2
11367	01	1
11367	01	2
11374	01	1
11374	01	2
11376	01	1
11376	01	2
11377	01	1
11377	01	2
11387	01	1
11387	01	2
11410	01	1
11410	01	2
11416	01	1
11426	01	1
11430	01	1
11432	01	1
11432	01	2
11433	01	1
11433	01	2
11435	01	1
11435	01	2
11439	01	1
11440	01	1
11440	01	2
11443	01	1
11450	01	1
11451	01	1
11451	01	2
11461	01	1
11461	01	2
11462	01	1
11472	01	1
11472	01	2
11492	01	1
11492	01	2
11493	01	1
11493	01	2
11498	01	1
11517	01	1
11517	01	2
11518	01	1
11518	01	2
11523	01	1
11523	01	2
11526	01	1
11526	01	2
11527	01	1
11527	01	2
11529	01	1
11529	01	2
11530	01	1
11530	01	2
11532	01	1
11532	01	2
11533	01	1
11533	01	2
11534	01	1
11534	01	2
11535	01	1
11535	01	2
11536	01	1
11536	01	2
11540	01	1
11540	01	2
11542	01	1
11542	01	2
11545	01	1
11545	01	2
11551	01	1
11551	01	2
11559	01	1
11559	01	2
11560	01	1
11560	01	2
11563	01	1
11563	01	2
11570	01	1
11570	01	2
11572	01	1
11572	01	2
11579	01	1
11579	01	2
11586	01	1
11587	01	1
11587	01	2
11588	01	1
11588	01	2
11591	01	1
11591	01	2
11597	01	1
11597	01	2
11598	01	1
11598	01	2
11599	01	1
11599	01	2
11600	01	1
11600	01	2
11606	01	1
11606	01	2
11614	01	1
11614	01	2
11622	01	1
11622	01	2
11623	01	1
11625	01	1
11625	01	2
11626	01	1
11626	01	2
11628	01	1
11628	01	2
11631	01	1
11631	01	2
11651	01	1
11651	01	2
11660	01	1
11660	01	2
11670	01	1
11670	01	2
11674	01	1
11679	01	1
11679	01	2
11681	01	1
11681	01	2
11692	01	1
11692	01	2
11694	01	1
11701	01	1
11701	01	2
11703	01	1
11703	01	2
11705	01	1
11705	01	2
11709	01	1
11709	01	2
11710	01	1
11710	01	2
11714	01	1
11714	01	2
11719	01	1
11720	01	1
11720	01	2
11722	01	1
11722	01	2
11723	01	1
11723	01	2
11736	01	1
11736	01	2
11744	01	1
11744	01	2
11746	01	1
11746	01	2
11748	01	1
11748	01	2
11756	01	1
11756	01	2
11764	01	1
11764	01	2
11772	01	1
11773	01	1
11773	01	2
11774	01	1
11774	01	2
11784	01	1
11784	01	2
11787	01	1
11787	01	2
11788	01	1
11788	01	2
11789	01	1
11789	01	2
11790	01	1
11790	01	2
11793	01	1
11793	01	2
11795	01	1
11795	01	2
11815	01	1
11815	01	2
11822	01	1
11822	01	2
11823	01	1
11823	01	2
11824	01	1
11824	01	2
11828	01	1
11828	01	2
11829	01	2
11840	01	1
11840	01	2
11847	01	1
11847	01	2
11853	01	1
11853	01	2
11854	01	1
11854	01	2
11861	01	1
11861	01	2
11866	01	1
11866	01	2
11867	01	1
11867	01	2
11870	01	1
11870	01	2
11872	01	1
11872	01	2
11876	01	1
11876	01	2
11877	01	1
11877	01	2
11881	01	1
11881	01	2
11885	01	1
11885	01	2
11891	01	1
11891	01	2
11897	01	1
11897	01	2
11900	01	1
11900	01	2
11902	01	1
11909	01	1
11909	01	2
11913	01	1
11913	01	2
11914	01	1
11914	01	2
11920	01	1
11922	01	1
11922	01	2
11923	01	1
11923	01	2
11924	01	1
11924	01	2
11926	01	1
11926	01	2
11928	01	1
11928	01	2
11929	01	1
11929	01	2
11931	01	1
11931	01	2
11935	01	1
11935	01	2
11939	01	1
11939	01	2
11943	01	1
11943	01	2
11949	01	1
11949	01	2
11960	01	1
11960	01	2
11969	01	1
11969	01	2
11974	01	1
11974	01	2
11976	01	1
11976	01	2
11982	01	1
11982	01	2
11984	01	1
11984	01	2
12008	01	1
12008	01	2
12011	01	1
12011	01	2
12013	01	1
12013	01	2
12018	01	1
12018	01	2
12020	01	1
12020	01	2
12021	01	1
12021	01	2
12031	01	1
12031	01	2
12032	01	1
12032	01	2
12033	01	1
12033	01	2
12036	01	1
12036	01	2
12037	01	1
12038	01	1
12038	01	2
12039	01	1
12039	01	2
12047	01	1
12047	01	2
12049	01	1
12049	01	2
12051	01	1
12051	01	2
12054	01	1
12054	01	2
12055	01	1
12055	01	2
12057	01	1
12057	01	2
