subject	session	runs	strategy	output	source_repo_commit
10317	01	1,2	fixed_effects	/ZPOOL/data/projects/rf1-sra-sharedreward/derivatives/fsl/sub-10317/ses-01/L2_task-sharedreward_ses-01_model-1_type-act_smTo-6.gfeat	562f0d15e0ac370a69ea36d40fdcb23f5e20f597
10369	01	1,2	fixed_effects	/ZPOOL/data/projects/rf1-sra-sharedreward/derivatives/fsl/sub-10369/ses-01/L2_task-sharedreward_ses-01_model-1_type-act_smTo-6.gfeat	562f0d15e0ac370a69ea36d40fdcb23f5e20f597
10402	01	1,2	fixed_effects	/ZPOOL/data/projects/rf1-sra-sharedreward/derivatives/fsl/sub-10402/ses-01/L2_task-sharedreward_ses-01_model-1_type-act_smTo-6.gfeat	562f0d15e0ac370a69ea36d40fdcb23f5e20f597
10418	01	1,2	fixed_effects	/ZPOOL/data/projects/rf1-sra-sharedreward/derivatives/fsl/sub-10418/ses-01/L2_task-sharedreward_ses-01_model-1_type-act_smTo-6.gfeat	562f0d15e0ac370a69ea36d40fdcb23f5e20f597
10462	01	1	l1_passthrough	/ZPOOL/data/projects/rf1-sra-sharedreward/derivatives/fsl/sub-10462/ses-01/L1_task-sharedreward_ses-01_model-1_type-act_run-1_smTo-6.feat	562f0d15e0ac370a69ea36d40fdcb23f5e20f597
10478	01	1,2	fixed_effects	/ZPOOL/data/projects/rf1-sra-sharedreward/derivatives/fsl/sub-10478/ses-01/L2_task-sharedreward_ses-01_model-1_type-act_smTo-6.gfeat	562f0d15e0ac370a69ea36d40fdcb23f5e20f597
10486	01	1,2	fixed_effects	/ZPOOL/data/projects/rf1-sra-sharedreward/derivatives/fsl/sub-10486/ses-01/L2_task-sharedreward_ses-01_model-1_type-act_smTo-6.gfeat	562f0d15e0ac370a69ea36d40fdcb23f5e20f597
10529	01	1,2	fixed_effects	/ZPOOL/data/projects/rf1-sra-sharedreward/derivatives/fsl/sub-10529/ses-01/L2_task-sharedreward_ses-01_model-1_type-act_smTo-6.gfeat	562f0d15e0ac370a69ea36d40fdcb23f5e20f597
10541	01	1,2	fixed_effects	/ZPOOL/data/projects/rf1-sra-sharedreward/derivatives/fsl/sub-10541/ses-01/L2_task-sharedreward_ses-01_model-1_type-act_smTo-6.gfeat	562f0d15e0ac370a69ea36d40fdcb23f5e20f597
10559	01	1,2	fixed_effects	/ZPOOL/data/projects/rf1-sra-sharedreward/derivatives/fsl/sub-10559/ses-01/L2_task-sharedreward_ses-01_model-1_type-act_smTo-6.gfeat	562f0d15e0ac370a69ea36d40fdcb23f5e20f597
10572	01	1,2	fixed_effects	/ZPOOL/data/projects/rf1-sra-sharedreward/derivatives/fsl/sub-10572/ses-01/L2_task-sharedreward_ses-01_model-1_type-act_smTo-6.gfeat	562f0d15e0ac370a69ea36d40fdcb23f5e20f597
10581	01	1,2	fixed_effects	/ZPOOL/data/projects/rf1-sra-sharedreward/derivatives/fsl/sub-10581/ses-01/L2_task-sharedreward_ses-01_model-1_type-act_smTo-6.gfeat	562f0d15e0ac370a69ea36d40fdcb23f5e20f597
10584	01	1	l1_passthrough	/ZPOOL/data/projects/rf1-sra-sharedreward/derivatives/fsl/sub-10584/ses-01/L1_task-sharedreward_ses-01_model-1_type-act_run-1_smTo-6.feat	562f0d15e0ac370a69ea36d40fdcb23f5e20f597
10585	01	1,2	fixed_effects	/ZPOOL/data/projects/rf1-sra-sharedreward/derivatives/fsl/sub-10585/ses-01/L2_task-sharedreward_ses-01_model-1_type-act_smTo-6.gfeat	562f0d15e0ac370a69ea36d40fdcb23f5e20f597
10589	01	1,2	fixed_effects	/ZPOOL/data/projects/rf1-sra-sharedreward/derivatives/fsl/sub-10589/ses-01/L2_task-sharedreward_ses-01_model-1_type-act_smTo-6.gfeat	562f0d15e0ac370a69ea36d40fdcb23f5e20f597
10590	01	1,2	fixed_effects	/ZPOOL/data/projects/rf1-sra-sharedreward/derivatives/fsl/sub-10590/ses-01/L2_task-sharedreward_ses-01_model-1_type-act_smTo-6.gfeat	562f0d15e0ac370a69ea36d40fdcb23f5e20f597
10596	01	1,2	fixed_effects	/ZPOOL/data/projects/rf1-sra-sharedreward/derivatives/fsl/sub-10596/ses-01/L2_task-sharedreward_ses-01_model-1_type-act_smTo-6.gfeat	562f0d15e0ac370a69ea36d40fdcb23f5e20f597
10603	01	1	l1_passthrough	/ZPOOL/data/projects/rf1-sra-sharedreward/derivatives/fsl/sub-10603/ses-01/L1_task-sharedreward_ses-01_model-1_type-act_run-1_smTo-6.feat	562f0d15e0ac370a69ea36d40fdcb23f5e20f597
10606	01	1,2	fixed_effects	/ZPOOL/data/projects/rf1-sra-sharedreward/derivatives/fsl/sub-10606/ses-01/L2_task-sharedreward_ses-01_model-1_type-act_smTo-6.gfeat	562f0d15e0ac370a69ea36d40fdcb23f5e20f597
10608	01	1	l1_passthrough	/ZPOOL/data/projects/rf1-sra-sharedreward/derivatives/fsl/sub-10608/ses-01/L1_task-sharedreward_ses-01_model-1_type-act_run-1_smTo-6.feat	562f0d15e0ac370a69ea36d40fdcb23f5e20f597
10617	01	1	l1_passthrough	/ZPOOL/data/projects/rf1-sra-sharedreward/derivatives/fsl/sub-10617/ses-01/L1_task-sharedreward_ses-01_model-1_type-act_run-1_smTo-6.feat	562f0d15e0ac370a69ea36d40fdcb23f5e20f597
10636	01	1,2	fixed_effects	/ZPOOL/data/projects/rf1-sra-sharedreward/derivatives/fsl/sub-10636/ses-01/L2_task-sharedreward_ses-01_model-1_type-act_smTo-6.gfeat	562f0d15e0ac370a69ea36d40fdcb23f5e20f597
10638	01	1,2	fixed_effects	/ZPOOL/data/projects/rf1-sra-sharedreward/derivatives/fsl/sub-10638/ses-01/L2_task-sharedreward_ses-01_model-1_type-act_smTo-6.gfeat	562f0d15e0ac370a69ea36d40fdcb23f5e20f597
10640	01	1,2	fixed_effects	/ZPOOL/data/projects/rf1-sra-sharedreward/derivatives/fsl/sub-10640/ses-01/L2_task-sharedreward_ses-01_model-1_type-act_smTo-6.gfeat	562f0d15e0ac370a69ea36d40fdcb23f5e20f597
10641	01	1	l1_passthrough	/ZPOOL/data/projects/rf1-sra-sharedreward/derivatives/fsl/sub-10641/ses-01/L1_task-sharedreward_ses-01_model-1_type-act_run-1_smTo-6.feat	562f0d15e0ac370a69ea36d40fdcb23f5e20f597
10642	01	1,2	fixed_effects	/ZPOOL/data/projects/rf1-sra-sharedreward/derivatives/fsl/sub-10642/ses-01/L2_task-sharedreward_ses-01_model-1_type-act_smTo-6.gfeat	562f0d15e0ac370a69ea36d40fdcb23f5e20f597
10644	01	1,2	fixed_effects	/ZPOOL/data/projects/rf1-sra-sharedreward/derivatives/fsl/sub-10644/ses-01/L2_task-sharedreward_ses-01_model-1_type-act_smTo-6.gfeat	562f0d15e0ac370a69ea36d40fdcb23f5e20f597
10647	01	1,2	fixed_effects	/ZPOOL/data/projects/rf1-sra-sharedreward/derivatives/fsl/sub-10647/ses-01/L2_task-sharedreward_ses-01_model-1_type-act_smTo-6.gfeat	562f0d15e0ac370a69ea36d40fdcb23f5e20f597
10649	01	1,2	fixed_effects	/ZPOOL/data/projects/rf1-sra-sharedreward/derivatives/fsl/sub-10649/ses-01/L2_task-sharedreward_ses-01_model-1_type-act_smTo-6.gfeat	562f0d15e0ac370a69ea36d40fdcb23f5e20f597
10652	01	1,2	fixed_effects	/ZPOOL/data/projects/rf1-sra-sharedreward/derivatives/fsl/sub-10652/ses-01/L2_task-sharedreward_ses-01_model-1_type-act_smTo-6.gfeat	562f0d15e0ac370a69ea36d40fdcb23f5e20f597
10656	01	1,2	fixed_effects	/ZPOOL/data/projects/rf1-sra-sharedreward/derivatives/fsl/sub-10656/ses-01/L2_task-sharedreward_ses-01_model-1_type-act_smTo-6.gfeat	562f0d15e0ac370a69ea36d40fdcb23f5e20f597
10657	01	2	l1_passthrough	/ZPOOL/data/projects/rf1-sra-sharedreward/derivatives/fsl/sub-10657/ses-01/L1_task-sharedreward_ses-01_model-1_type-act_run-2_smTo-6.feat	562f0d15e0ac370a69ea36d40fdcb23f5e20f597
10661	01	1,2	fixed_effects	/ZPOOL/data/projects/rf1-sra-sharedreward/derivatives/fsl/sub-10661/ses-01/L2_task-sharedreward_ses-01_model-1_type-act_smTo-6.gfeat	562f0d15e0ac370a69ea36d40fdcb23f5e20f597
10663	01	1,2	fixed_effects	/ZPOOL/data/projects/rf1-sra-sharedreward/derivatives/fsl/sub-10663/ses-01/L2_task-sharedreward_ses-01_model-1_type-act_smTo-6.gfeat	562f0d15e0ac370a69ea36d40fdcb23f5e20f597
10668	01	1,2	fixed_effects	/ZPOOL/data/projects/rf1-sra-sharedreward/derivatives/fsl/sub-10668/ses-01/L2_task-sharedreward_ses-01_model-1_type-act_smTo-6.gfeat	562f0d15e0ac370a69ea36d40fdcb23f5e20f597
10673	01	1,2	fixed_effects	/ZPOOL/data/projects/rf1-sra-sharedreward/derivatives/fsl/sub-10673/ses-01/L2_task-sharedreward_ses-01_model-1_type-act_smTo-6.gfeat	562f0d15e0ac370a69ea36d40fdcb23f5e20f597
10674	01	1,2	fixed_effects	/ZPOOL/data/projects/rf1-sra-sharedreward/derivatives/fsl/sub-10674/ses-01/L2_task-sharedreward_ses-01_model-1_type-act_smTo-6.gfeat	562f0d15e0ac370a69ea36d40fdcb23f5e20f597
10677	01	1,2	fixed_effects	/ZPOOL/data/projects/rf1-sra-sharedreward/derivatives/fsl/sub-10677/ses-01/L2_task-sharedreward_ses-01_model-1_type-act_smTo-6.gfeat	562f0d15e0ac370a69ea36d40fdcb23f5e20f597
10685	01	1,2	fixed_effects	/ZPOOL/data/projects/rf1-sra-sharedreward/derivatives/fsl/sub-10685/ses-01/L2_task-sharedreward_ses-01_model-1_type-act_smTo-6.gfeat	562f0d15e0ac370a69ea36d40fdcb23f5e20f597
10690	01	1,2	fixed_effects	/ZPOOL/data/projects/rf1-sra-sharedreward/derivatives/fsl/sub-10690/ses-01/L2_task-sharedreward_ses-01_model-1_type-act_smTo-6.gfeat	562f0d15e0ac370a69ea36d40fdcb23f5e20f597
10691	01	1,2	fixed_effects	/ZPOOL/data/projects/rf1-sra-sharedreward/derivatives/fsl/sub-10691/ses-01/L2_task-sharedreward_ses-01_model-1_type-act_smTo-6.gfeat	562f0d15e0ac370a69ea36d40fdcb23f5e20f597
10700	01	1,2	fixed_effects	/ZPOOL/data/projects/rf1-sra-sharedreward/derivatives/fsl/sub-10700/ses-01/L2_task-sharedreward_ses-01_model-1_type-act_smTo-6.gfeat	562f0d15e0ac370a69ea36d40fdcb23f5e20f597
10701	01	1,2	fixed_effects	/ZPOOL/data/projects/rf1-sra-sharedreward/derivatives/fsl/sub-10701/ses-01/L2_task-sharedreward_ses-01_model-1_type-act_smTo-6.gfeat	562f0d15e0ac370a69ea36d40fdcb23f5e20f597
10713	01	1,2	fixed_effects	/ZPOOL/data/projects/rf1-sra-sharedreward/derivatives/fsl/sub-10713/ses-01/L2_task-sharedreward_ses-01_model-1_type-act_smTo-6.gfeat	562f0d15e0ac370a69ea36d40fdcb23f5e20f597
10716	01	1,2	fixed_effects	/ZPOOL/data/projects/rf1-sra-sharedreward/derivatives/fsl/sub-10716/ses-01/L2_task-sharedreward_ses-01_model-1_type-act_smTo-6.gfeat	562f0d15e0ac370a69ea36d40fdcb23f5e20f597
10718	01	1,2	fixed_effects	/ZPOOL/data/projects/rf1-sra-sharedreward/derivatives/fsl/sub-10718/ses-01/L2_task-sharedreward_ses-01_model-1_type-act_smTo-6.gfeat	562f0d15e0ac370a69ea36d40fdcb23f5e20f597
10720	01	1,2	fixed_effects	/ZPOOL/data/projects/rf1-sra-sharedreward/derivatives/fsl/sub-10720/ses-01/L2_task-sharedreward_ses-01_model-1_type-act_smTo-6.gfeat	562f0d15e0ac370a69ea36d40fdcb23f5e20f597
10723	01	1,2	fixed_effects	/ZPOOL/data/projects/rf1-sra-sharedreward/derivatives/fsl/sub-10723/ses-01/L2_task-sharedreward_ses-01_model-1_type-act_smTo-6.gfeat	562f0d15e0ac370a69ea36d40fdcb23f5e20f597
10741	01	1,2	fixed_effects	/ZPOOL/data/projects/rf1-sra-sharedreward/derivatives/fsl/sub-10741/ses-01/L2_task-sharedreward_ses-01_model-1_type-act_smTo-6.gfeat	562f0d15e0ac370a69ea36d40fdcb23f5e20f597
10748	01	1,2	fixed_effects	/ZPOOL/data/projects/rf1-sra-sharedreward/derivatives/fsl/sub-10748/ses-01/L2_task-sharedreward_ses-01_model-1_type-act_smTo-6.gfeat	562f0d15e0ac370a69ea36d40fdcb23f5e20f597
10767	01	1,2	fixed_effects	/ZPOOL/data/projects/rf1-sra-sharedreward/derivatives/fsl/sub-10767/ses-01/L2_task-sharedreward_ses-01_model-1_type-act_smTo-6.gfeat	562f0d15e0ac370a69ea36d40fdcb23f5e20f597
10770	01	1,2	fixed_effects	/ZPOOL/data/projects/rf1-sra-sharedreward/derivatives/fsl/sub-10770/ses-01/L2_task-sharedreward_ses-01_model-1_type-act_smTo-6.gfeat	562f0d15e0ac370a69ea36d40fdcb23f5e20f597
10777	01	1,2	fixed_effects	/ZPOOL/data/projects/rf1-sra-sharedreward/derivatives/fsl/sub-10777/ses-01/L2_task-sharedreward_ses-01_model-1_type-act_smTo-6.gfeat	562f0d15e0ac370a69ea36d40fdcb23f5e20f597
10781	01	1,2	fixed_effects	/ZPOOL/data/projects/rf1-sra-sharedreward/derivatives/fsl/sub-10781/ses-01/L2_task-sharedreward_ses-01_model-1_type-act_smTo-6.gfeat	562f0d15e0ac370a69ea36d40fdcb23f5e20f597
10783	01	1,2	fixed_effects	/ZPOOL/data/projects/rf1-sra-sharedreward/derivatives/fsl/sub-10783/ses-01/L2_task-sharedreward_ses-01_model-1_type-act_smTo-6.gfeat	562f0d15e0ac370a69ea36d40fdcb23f5e20f597
10785	01	1,2	fixed_effects	/ZPOOL/data/projects/rf1-sra-sharedreward/derivatives/fsl/sub-10785/ses-01/L2_task-sharedreward_ses-01_model-1_type-act_smTo-6.gfeat	562f0d15e0ac370a69ea36d40fdcb23f5e20f597
10794	01	1,2	fixed_effects	/ZPOOL/data/projects/rf1-sra-sharedreward/derivatives/fsl/sub-10794/ses-01/L2_task-sharedreward_ses-01_model-1_type-act_smTo-6.gfeat	562f0d15e0ac370a69ea36d40fdcb23f5e20f597
10800	01	1,2	fixed_effects	/ZPOOL/data/projects/rf1-sra-sharedreward/derivatives/fsl/sub-10800/ses-01/L2_task-sharedreward_ses-01_model-1_type-act_smTo-6.gfeat	562f0d15e0ac370a69ea36d40fdcb23f5e20f597
10801	01	1,2	fixed_effects	/ZPOOL/data/projects/rf1-sra-sharedreward/derivatives/fsl/sub-10801/ses-01/L2_task-sharedreward_ses-01_model-1_type-act_smTo-6.gfeat	562f0d15e0ac370a69ea36d40fdcb23f5e20f597
10802	01	1,2	fixed_effects	/ZPOOL/data/projects/rf1-sra-sharedreward/derivatives/fsl/sub-10802/ses-01/L2_task-sharedreward_ses-01_model-1_type-act_smTo-6.gfeat	562f0d15e0ac370a69ea36d40fdcb23f5e20f597
10803	01	1	l1_passthrough	/ZPOOL/data/projects/rf1-sra-sharedreward/derivatives/fsl/sub-10803/ses-01/L1_task-sharedreward_ses-01_model-1_type-act_run-1_smTo-6.feat	562f0d15e0ac370a69ea36d40fdcb23f5e20f597
10804	01	1,2	fixed_effects	/ZPOOL/data/projects/rf1-sra-sharedreward/derivatives/fsl/sub-10804/ses-01/L2_task-sharedreward_ses-01_model-1_type-act_smTo-6.gfeat	562f0d15e0ac370a69ea36d40fdcb23f5e20f597
10806	01	1,2	fixed_effects	/ZPOOL/data/projects/rf1-sra-sharedreward/derivatives/fsl/sub-10806/ses-01/L2_task-sharedreward_ses-01_model-1_type-act_smTo-6.gfeat	562f0d15e0ac370a69ea36d40fdcb23f5e20f597
10807	01	1,2	fixed_effects	/ZPOOL/data/projects/rf1-sra-sharedreward/derivatives/fsl/sub-10807/ses-01/L2_task-sharedreward_ses-01_model-1_type-act_smTo-6.gfeat	562f0d15e0ac370a69ea36d40fdcb23f5e20f597
10809	01	2	l1_passthrough	/ZPOOL/data/projects/rf1-sra-sharedreward/derivatives/fsl/sub-10809/ses-01/L1_task-sharedreward_ses-01_model-1_type-act_run-2_smTo-6.feat	562f0d15e0ac370a69ea36d40fdcb23f5e20f597
10810	01	1,2	fixed_effects	/ZPOOL/data/projects/rf1-sra-sharedreward/derivatives/fsl/sub-10810/ses-01/L2_task-sharedreward_ses-01_model-1_type-act_smTo-6.gfeat	562f0d15e0ac370a69ea36d40fdcb23f5e20f597
10812	01	1,2	fixed_effects	/ZPOOL/data/projects/rf1-sra-sharedreward/derivatives/fsl/sub-10812/ses-01/L2_task-sharedreward_ses-01_model-1_type-act_smTo-6.gfeat	562f0d15e0ac370a69ea36d40fdcb23f5e20f597
10817	01	1,2	fixed_effects	/ZPOOL/data/projects/rf1-sra-sharedreward/derivatives/fsl/sub-10817/ses-01/L2_task-sharedreward_ses-01_model-1_type-act_smTo-6.gfeat	562f0d15e0ac370a69ea36d40fdcb23f5e20f597
10827	01	1,2	fixed_effects	/ZPOOL/data/projects/rf1-sra-sharedreward/derivatives/fsl/sub-10827/ses-01/L2_task-sharedreward_ses-01_model-1_type-act_smTo-6.gfeat	562f0d15e0ac370a69ea36d40fdcb23f5e20f597
10831	01	1,2	fixed_effects	/ZPOOL/data/projects/rf1-sra-sharedreward/derivatives/fsl/sub-10831/ses-01/L2_task-sharedreward_ses-01_model-1_type-act_smTo-6.gfeat	562f0d15e0ac370a69ea36d40fdcb23f5e20f597
10834	01	1,2	fixed_effects	/ZPOOL/data/projects/rf1-sra-sharedreward/derivatives/fsl/sub-10834/ses-01/L2_task-sharedreward_ses-01_model-1_type-act_smTo-6.gfeat	562f0d15e0ac370a69ea36d40fdcb23f5e20f597
10838	01	1,2	fixed_effects	/ZPOOL/data/projects/rf1-sra-sharedreward/derivatives/fsl/sub-10838/ses-01/L2_task-sharedreward_ses-01_model-1_type-act_smTo-6.gfeat	562f0d15e0ac370a69ea36d40fdcb23f5e20f597
10843	01	1,2	fixed_effects	/ZPOOL/data/projects/rf1-sra-sharedreward/derivatives/fsl/sub-10843/ses-01/L2_task-sharedreward_ses-01_model-1_type-act_smTo-6.gfeat	562f0d15e0ac370a69ea36d40fdcb23f5e20f597
10850	01	1,2	fixed_effects	/ZPOOL/data/projects/rf1-sra-sharedreward/derivatives/fsl/sub-10850/ses-01/L2_task-sharedreward_ses-01_model-1_type-act_smTo-6.gfeat	562f0d15e0ac370a69ea36d40fdcb23f5e20f597
10854	01	1,2	fixed_effects	/ZPOOL/data/projects/rf1-sra-sharedreward/derivatives/fsl/sub-10854/ses-01/L2_task-sharedreward_ses-01_model-1_type-act_smTo-6.gfeat	562f0d15e0ac370a69ea36d40fdcb23f5e20f597
10857	01	1,2	fixed_effects	/ZPOOL/data/projects/rf1-sra-sharedreward/derivatives/fsl/sub-10857/ses-01/L2_task-sharedreward_ses-01_model-1_type-act_smTo-6.gfeat	562f0d15e0ac370a69ea36d40fdcb23f5e20f597
10858	01	1,2	fixed_effects	/ZPOOL/data/projects/rf1-sra-sharedreward/derivatives/fsl/sub-10858/ses-01/L2_task-sharedreward_ses-01_model-1_type-act_smTo-6.gfeat	562f0d15e0ac370a69ea36d40fdcb23f5e20f597
10860	01	1,2	fixed_effects	/ZPOOL/data/projects/rf1-sra-sharedreward/derivatives/fsl/sub-10860/ses-01/L2_task-sharedreward_ses-01_model-1_type-act_smTo-6.gfeat	562f0d15e0ac370a69ea36d40fdcb23f5e20f597
10862	01	1,2	fixed_effects	/ZPOOL/data/projects/rf1-sra-sharedreward/derivatives/fsl/sub-10862/ses-01/L2_task-sharedreward_ses-01_model-1_type-act_smTo-6.gfeat	562f0d15e0ac370a69ea36d40fdcb23f5e20f597
10863	01	1,2	fixed_effects	/ZPOOL/data/projects/rf1-sra-sharedreward/derivatives/fsl/sub-10863/ses-01/L2_task-sharedreward_ses-01_model-1_type-act_smTo-6.gfeat	562f0d15e0ac370a69ea36d40fdcb23f5e20f597
10866	01	1,2	fixed_effects	/ZPOOL/data/projects/rf1-sra-sharedreward/derivatives/fsl/sub-10866/ses-01/L2_task-sharedreward_ses-01_model-1_type-act_smTo-6.gfeat	562f0d15e0ac370a69ea36d40fdcb23f5e20f597
10875	01	1,2	fixed_effects	/ZPOOL/data/projects/rf1-sra-sharedreward/derivatives/fsl/sub-10875/ses-01/L2_task-sharedreward_ses-01_model-1_type-act_smTo-6.gfeat	562f0d15e0ac370a69ea36d40fdcb23f5e20f597
10881	01	1	l1_passthrough	/ZPOOL/data/projects/rf1-sra-sharedreward/derivatives/fsl/sub-10881/ses-01/L1_task-sharedreward_ses-01_model-1_type-act_run-1_smTo-6.feat	562f0d15e0ac370a69ea36d40fdcb23f5e20f597
10886	01	1	l1_passthrough	/ZPOOL/data/projects/rf1-sra-sharedreward/derivatives/fsl/sub-10886/ses-01/L1_task-sharedreward_ses-01_model-1_type-act_run-1_smTo-6.feat	562f0d15e0ac370a69ea36d40fdcb23f5e20f597
10887	01	1,2	fixed_effects	/ZPOOL/data/projects/rf1-sra-sharedreward/derivatives/fsl/sub-10887/ses-01/L2_task-sharedreward_ses-01_model-1_type-act_smTo-6.gfeat	562f0d15e0ac370a69ea36d40fdcb23f5e20f597
10896	01	1,2	fixed_effects	/ZPOOL/data/projects/rf1-sra-sharedreward/derivatives/fsl/sub-10896/ses-01/L2_task-sharedreward_ses-01_model-1_type-act_smTo-6.gfeat	562f0d15e0ac370a69ea36d40fdcb23f5e20f597
10897	01	1	l1_passthrough	/ZPOOL/data/projects/rf1-sra-sharedreward/derivatives/fsl/sub-10897/ses-01/L1_task-sharedreward_ses-01_model-1_type-act_run-1_smTo-6.feat	562f0d15e0ac370a69ea36d40fdcb23f5e20f597
10898	01	1,2	fixed_effects	/ZPOOL/data/projects/rf1-sra-sharedreward/derivatives/fsl/sub-10898/ses-01/L2_task-sharedreward_ses-01_model-1_type-act_smTo-6.gfeat	562f0d15e0ac370a69ea36d40fdcb23f5e20f597
10908	01	1,2	fixed_effects	/ZPOOL/data/projects/rf1-sra-sharedreward/derivatives/fsl/sub-10908/ses-01/L2_task-sharedreward_ses-01_model-1_type-act_smTo-6.gfeat	562f0d15e0ac370a69ea36d40fdcb23f5e20f597
10913	01	1,2	fixed_effects	/ZPOOL/data/projects/rf1-sra-sharedreward/derivatives/fsl/sub-10913/ses-01/L2_task-sharedreward_ses-01_model-1_type-act_smTo-6.gfeat	562f0d15e0ac370a69ea36d40fdcb23f5e20f597
10918	01	1,2	fixed_effects	/ZPOOL/data/projects/rf1-sra-sharedreward/derivatives/fsl/sub-10918/ses-01/L2_task-sharedreward_ses-01_model-1_type-act_smTo-6.gfeat	562f0d15e0ac370a69ea36d40fdcb23f5e20f597
10919	01	1,2	fixed_effects	/ZPOOL/data/projects/rf1-sra-sharedreward/derivatives/fsl/sub-10919/ses-01/L2_task-sharedreward_ses-01_model-1_type-act_smTo-6.gfeat	562f0d15e0ac370a69ea36d40fdcb23f5e20f597
10924	01	1,2	fixed_effects	/ZPOOL/data/projects/rf1-sra-sharedreward/derivatives/fsl/sub-10924/ses-01/L2_task-sharedreward_ses-01_model-1_type-act_smTo-6.gfeat	562f0d15e0ac370a69ea36d40fdcb23f5e20f597
10926	01	1,2	fixed_effects	/ZPOOL/data/projects/rf1-sra-sharedreward/derivatives/fsl/sub-10926/ses-01/L2_task-sharedreward_ses-01_model-1_type-act_smTo-6.gfeat	562f0d15e0ac370a69ea36d40fdcb23f5e20f597
10928	01	1,2	fixed_effects	/ZPOOL/data/projects/rf1-sra-sharedreward/derivatives/fsl/sub-10928/ses-01/L2_task-sharedreward_ses-01_model-1_type-act_smTo-6.gfeat	562f0d15e0ac370a69ea36d40fdcb23f5e20f597
10929	01	1,2	fixed_effects	/ZPOOL/data/projects/rf1-sra-sharedreward/derivatives/fsl/sub-10929/ses-01/L2_task-sharedreward_ses-01_model-1_type-act_smTo-6.gfeat	562f0d15e0ac370a69ea36d40fdcb23f5e20f597
10930	01	1,2	fixed_effects	/ZPOOL/data/projects/rf1-sra-sharedreward/derivatives/fsl/sub-10930/ses-01/L2_task-sharedreward_ses-01_model-1_type-act_smTo-6.gfeat	562f0d15e0ac370a69ea36d40fdcb23f5e20f597
10938	01	1,2	fixed_effects	/ZPOOL/data/projects/rf1-sra-sharedreward/derivatives/fsl/sub-10938/ses-01/L2_task-sharedreward_ses-01_model-1_type-act_smTo-6.gfeat	562f0d15e0ac370a69ea36d40fdcb23f5e20f597
10940	01	1,2	fixed_effects	/ZPOOL/data/projects/rf1-sra-sharedreward/derivatives/fsl/sub-10940/ses-01/L2_task-sharedreward_ses-01_model-1_type-act_smTo-6.gfeat	562f0d15e0ac370a69ea36d40fdcb23f5e20f597
10950	01	1,2	fixed_effects	/ZPOOL/data/projects/rf1-sra-sharedreward/derivatives/fsl/sub-10950/ses-01/L2_task-sharedreward_ses-01_model-1_type-act_smTo-6.gfeat	562f0d15e0ac370a69ea36d40fdcb23f5e20f597
10951	01	1,2	fixed_effects	/ZPOOL/data/projects/rf1-sra-sharedreward/derivatives/fsl/sub-10951/ses-01/L2_task-sharedreward_ses-01_model-1_type-act_smTo-6.gfeat	562f0d15e0ac370a69ea36d40fdcb23f5e20f597
10952	01	1,2	fixed_effects	/ZPOOL/data/projects/rf1-sra-sharedreward/derivatives/fsl/sub-10952/ses-01/L2_task-sharedreward_ses-01_model-1_type-act_smTo-6.gfeat	562f0d15e0ac370a69ea36d40fdcb23f5e20f597
10953	01	1,2	fixed_effects	/ZPOOL/data/projects/rf1-sra-sharedreward/derivatives/fsl/sub-10953/ses-01/L2_task-sharedreward_ses-01_model-1_type-act_smTo-6.gfeat	562f0d15e0ac370a69ea36d40fdcb23f5e20f597
10954	01	1	l1_passthrough	/ZPOOL/data/projects/rf1-sra-sharedreward/derivatives/fsl/sub-10954/ses-01/L1_task-sharedreward_ses-01_model-1_type-act_run-1_smTo-6.feat	562f0d15e0ac370a69ea36d40fdcb23f5e20f597
10956	01	1,2	fixed_effects	/ZPOOL/data/projects/rf1-sra-sharedreward/derivatives/fsl/sub-10956/ses-01/L2_task-sharedreward_ses-01_model-1_type-act_smTo-6.gfeat	562f0d15e0ac370a69ea36d40fdcb23f5e20f597
10958	01	1,2	fixed_effects	/ZPOOL/data/projects/rf1-sra-sharedreward/derivatives/fsl/sub-10958/ses-01/L2_task-sharedreward_ses-01_model-1_type-act_smTo-6.gfeat	562f0d15e0ac370a69ea36d40fdcb23f5e20f597
10961	01	1,2	fixed_effects	/ZPOOL/data/projects/rf1-sra-sharedreward/derivatives/fsl/sub-10961/ses-01/L2_task-sharedreward_ses-01_model-1_type-act_smTo-6.gfeat	562f0d15e0ac370a69ea36d40fdcb23f5e20f597
10964	01	1,2	fixed_effects	/ZPOOL/data/projects/rf1-sra-sharedreward/derivatives/fsl/sub-10964/ses-01/L2_task-sharedreward_ses-01_model-1_type-act_smTo-6.gfeat	562f0d15e0ac370a69ea36d40fdcb23f5e20f597
10966	01	1,2	fixed_effects	/ZPOOL/data/projects/rf1-sra-sharedreward/derivatives/fsl/sub-10966/ses-01/L2_task-sharedreward_ses-01_model-1_type-act_smTo-6.gfeat	562f0d15e0ac370a69ea36d40fdcb23f5e20f597
10969	01	1,2	fixed_effects	/ZPOOL/data/projects/rf1-sra-sharedreward/derivatives/fsl/sub-10969/ses-01/L2_task-sharedreward_ses-01_model-1_type-act_smTo-6.gfeat	562f0d15e0ac370a69ea36d40fdcb23f5e20f597
10974	01	1,2	fixed_effects	/ZPOOL/data/projects/rf1-sra-sharedreward/derivatives/fsl/sub-10974/ses-01/L2_task-sharedreward_ses-01_model-1_type-act_smTo-6.gfeat	562f0d15e0ac370a69ea36d40fdcb23f5e20f597
10977	01	1,2	fixed_effects	/ZPOOL/data/projects/rf1-sra-sharedreward/derivatives/fsl/sub-10977/ses-01/L2_task-sharedreward_ses-01_model-1_type-act_smTo-6.gfeat	562f0d15e0ac370a69ea36d40fdcb23f5e20f597
10979	01	1,2	fixed_effects	/ZPOOL/data/projects/rf1-sra-sharedreward/derivatives/fsl/sub-10979/ses-01/L2_task-sharedreward_ses-01_model-1_type-act_smTo-6.gfeat	562f0d15e0ac370a69ea36d40fdcb23f5e20f597
10983	01	1,2	fixed_effects	/ZPOOL/data/projects/rf1-sra-sharedreward/derivatives/fsl/sub-10983/ses-01/L2_task-sharedreward_ses-01_model-1_type-act_smTo-6.gfeat	562f0d15e0ac370a69ea36d40fdcb23f5e20f597
10984	01	1,2	fixed_effects	/ZPOOL/data/projects/rf1-sra-sharedreward/derivatives/fsl/sub-10984/ses-01/L2_task-sharedreward_ses-01_model-1_type-act_smTo-6.gfeat	562f0d15e0ac370a69ea36d40fdcb23f5e20f597
10998	01	1,2	fixed_effects	/ZPOOL/data/projects/rf1-sra-sharedreward/derivatives/fsl/sub-10998/ses-01/L2_task-sharedreward_ses-01_model-1_type-act_smTo-6.gfeat	562f0d15e0ac370a69ea36d40fdcb23f5e20f597
11005	01	1,2	fixed_effects	/ZPOOL/data/projects/rf1-sra-sharedreward/derivatives/fsl/sub-11005/ses-01/L2_task-sharedreward_ses-01_model-1_type-act_smTo-6.gfeat	562f0d15e0ac370a69ea36d40fdcb23f5e20f597
11007	01	1,2	fixed_effects	/ZPOOL/data/projects/rf1-sra-sharedreward/derivatives/fsl/sub-11007/ses-01/L2_task-sharedreward_ses-01_model-1_type-act_smTo-6.gfeat	562f0d15e0ac370a69ea36d40fdcb23f5e20f597
11012	01	1,2	fixed_effects	/ZPOOL/data/projects/rf1-sra-sharedreward/derivatives/fsl/sub-11012/ses-01/L2_task-sharedreward_ses-01_model-1_type-act_smTo-6.gfeat	562f0d15e0ac370a69ea36d40fdcb23f5e20f597
11016	01	1,2	fixed_effects	/ZPOOL/data/projects/rf1-sra-sharedreward/derivatives/fsl/sub-11016/ses-01/L2_task-sharedreward_ses-01_model-1_type-act_smTo-6.gfeat	562f0d15e0ac370a69ea36d40fdcb23f5e20f597
11021	01	1,2	fixed_effects	/ZPOOL/data/projects/rf1-sra-sharedreward/derivatives/fsl/sub-11021/ses-01/L2_task-sharedreward_ses-01_model-1_type-act_smTo-6.gfeat	562f0d15e0ac370a69ea36d40fdcb23f5e20f597
11030	01	1,2	fixed_effects	/ZPOOL/data/projects/rf1-sra-sharedreward/derivatives/fsl/sub-11030/ses-01/L2_task-sharedreward_ses-01_model-1_type-act_smTo-6.gfeat	562f0d15e0ac370a69ea36d40fdcb23f5e20f597
11031	01	1,2	fixed_effects	/ZPOOL/data/projects/rf1-sra-sharedreward/derivatives/fsl/sub-11031/ses-01/L2_task-sharedreward_ses-01_model-1_type-act_smTo-6.gfeat	562f0d15e0ac370a69ea36d40fdcb23f5e20f597
11036	01	1,2	fixed_effects	/ZPOOL/data/projects/rf1-sra-sharedreward/derivatives/fsl/sub-11036/ses-01/L2_task-sharedreward_ses-01_model-1_type-act_smTo-6.gfeat	562f0d15e0ac370a69ea36d40fdcb23f5e20f597
11039	01	1,2	fixed_effects	/ZPOOL/data/projects/rf1-sra-sharedreward/derivatives/fsl/sub-11039/ses-01/L2_task-sharedreward_ses-01_model-1_type-act_smTo-6.gfeat	562f0d15e0ac370a69ea36d40fdcb23f5e20f597
11042	01	1,2	fixed_effects	/ZPOOL/data/projects/rf1-sra-sharedreward/derivatives/fsl/sub-11042/ses-01/L2_task-sharedreward_ses-01_model-1_type-act_smTo-6.gfeat	562f0d15e0ac370a69ea36d40fdcb23f5e20f597
11053	01	1,2	fixed_effects	/ZPOOL/data/projects/rf1-sra-sharedreward/derivatives/fsl/sub-11053/ses-01/L2_task-sharedreward_ses-01_model-1_type-act_smTo-6.gfeat	562f0d15e0ac370a69ea36d40fdcb23f5e20f597
11058	01	1,2	fixed_effects	/ZPOOL/data/projects/rf1-sra-sharedreward/derivatives/fsl/sub-11058/ses-01/L2_task-sharedreward_ses-01_model-1_type-act_smTo-6.gfeat	562f0d15e0ac370a69ea36d40fdcb23f5e20f597
11060	01	1,2	fixed_effects	/ZPOOL/data/projects/rf1-sra-sharedreward/derivatives/fsl/sub-11060/ses-01/L2_task-sharedreward_ses-01_model-1_type-act_smTo-6.gfeat	562f0d15e0ac370a69ea36d40fdcb23f5e20f597
11063	01	1,2	fixed_effects	/ZPOOL/data/projects/rf1-sra-sharedreward/derivatives/fsl/sub-11063/ses-01/L2_task-sharedreward_ses-01_model-1_type-act_smTo-6.gfeat	562f0d15e0ac370a69ea36d40fdcb23f5e20f597
11064	01	1,2	fixed_effects	/ZPOOL/data/projects/rf1-sra-sharedreward/derivatives/fsl/sub-11064/ses-01/L2_task-sharedreward_ses-01_model-1_type-act_smTo-6.gfeat	562f0d15e0ac370a69ea36d40fdcb23f5e20f597
11065	01	1,2	fixed_effects	/ZPOOL/data/projects/rf1-sra-sharedreward/derivatives/fsl/sub-11065/ses-01/L2_task-sharedreward_ses-01_model-1_type-act_smTo-6.gfeat	562f0d15e0ac370a69ea36d40fdcb23f5e20f597
11066	01	1,2	fixed_effects	/ZPOOL/data/projects/rf1-sra-sharedreward/derivatives/fsl/sub-11066/ses-01/L2_task-sharedreward_ses-01_model-1_type-act_smTo-6.gfeat	562f0d15e0ac370a69ea36d40fdcb23f5e20f597
11068	01	1,2	fixed_effects	/ZPOOL/data/projects/rf1-sra-sharedreward/derivatives/fsl/sub-11068/ses-01/L2_task-sharedreward_ses-01_model-1_type-act_smTo-6.gfeat	562f0d15e0ac370a69ea36d40fdcb23f5e20f597
11071	01	1,2	fixed_effects	/ZPOOL/data/projects/rf1-sra-sharedreward/derivatives/fsl/sub-11071/ses-01/L2_task-sharedreward_ses-01_model-1_type-act_smTo-6.gfeat	562f0d15e0ac370a69ea36d40fdcb23f5e20f597
11072	01	1,2	fixed_effects	/ZPOOL/data/projects/rf1-sra-sharedreward/derivatives/fsl/sub-11072/ses-01/L2_task-sharedreward_ses-01_model-1_type-act_smTo-6.gfeat	562f0d15e0ac370a69ea36d40fdcb23f5e20f597
11074	01	1,2	fixed_effects	/ZPOOL/data/projects/rf1-sra-sharedreward/derivatives/fsl/sub-11074/ses-01/L2_task-sharedreward_ses-01_model-1_type-act_smTo-6.gfeat	562f0d15e0ac370a69ea36d40fdcb23f5e20f597
11075	01	1,2	fixed_effects	/ZPOOL/data/projects/rf1-sra-sharedreward/derivatives/fsl/sub-11075/ses-01/L2_task-sharedreward_ses-01_model-1_type-act_smTo-6.gfeat	562f0d15e0ac370a69ea36d40fdcb23f5e20f597
11076	01	1	l1_passthrough	/ZPOOL/data/projects/rf1-sra-sharedreward/derivatives/fsl/sub-11076/ses-01/L1_task-sharedreward_ses-01_model-1_type-act_run-1_smTo-6.feat	562f0d15e0ac370a69ea36d40fdcb23f5e20f597
11078	01	1,2	fixed_effects	/ZPOOL/data/projects/rf1-sra-sharedreward/derivatives/fsl/sub-11078/ses-01/L2_task-sharedreward_ses-01_model-1_type-act_smTo-6.gfeat	562f0d15e0ac370a69ea36d40fdcb23f5e20f597
11083	01	1,2	fixed_effects	/ZPOOL/data/projects/rf1-sra-sharedreward/derivatives/fsl/sub-11083/ses-01/L2_task-sharedreward_ses-01_model-1_type-act_smTo-6.gfeat	562f0d15e0ac370a69ea36d40fdcb23f5e20f597
11084	01	1,2	fixed_effects	/ZPOOL/data/projects/rf1-sra-sharedreward/derivatives/fsl/sub-11084/ses-01/L2_task-sharedreward_ses-01_model-1_type-act_smTo-6.gfeat	562f0d15e0ac370a69ea36d40fdcb23f5e20f597
11085	01	1,2	fixed_effects	/ZPOOL/data/projects/rf1-sra-sharedreward/derivatives/fsl/sub-11085/ses-01/L2_task-sharedreward_ses-01_model-1_type-act_smTo-6.gfeat	562f0d15e0ac370a69ea36d40fdcb23f5e20f597
11090	01	1,2	fixed_effects	/ZPOOL/data/projects/rf1-sra-sharedreward/derivatives/fsl/sub-11090/ses-01/L2_task-sharedreward_ses-01_model-1_type-act_smTo-6.gfeat	562f0d15e0ac370a69ea36d40fdcb23f5e20f597
11110	01	1,2	fixed_effects	/ZPOOL/data/projects/rf1-sra-sharedreward/derivatives/fsl/sub-11110/ses-01/L2_task-sharedreward_ses-01_model-1_type-act_smTo-6.gfeat	562f0d15e0ac370a69ea36d40fdcb23f5e20f597
11113	01	1,2	fixed_effects	/ZPOOL/data/projects/rf1-sra-sharedreward/derivatives/fsl/sub-11113/ses-01/L2_task-sharedreward_ses-01_model-1_type-act_smTo-6.gfeat	562f0d15e0ac370a69ea36d40fdcb23f5e20f597
11116	01	1,2	fixed_effects	/ZPOOL/data/projects/rf1-sra-sharedreward/derivatives/fsl/sub-11116/ses-01/L2_task-sharedreward_ses-01_model-1_type-act_smTo-6.gfeat	562f0d15e0ac370a69ea36d40fdcb23f5e20f597
11120	01	1,2	fixed_effects	/ZPOOL/data/projects/rf1-sra-sharedreward/derivatives/fsl/sub-11120/ses-01/L2_task-sharedreward_ses-01_model-1_type-act_smTo-6.gfeat	562f0d15e0ac370a69ea36d40fdcb23f5e20f597
11125	01	1	l1_passthrough	/ZPOOL/data/projects/rf1-sra-sharedreward/derivatives/fsl/sub-11125/ses-01/L1_task-sharedreward_ses-01_model-1_type-act_run-1_smTo-6.feat	562f0d15e0ac370a69ea36d40fdcb23f5e20f597
11126	01	1	l1_passthrough	/ZPOOL/data/projects/rf1-sra-sharedreward/derivatives/fsl/sub-11126/ses-01/L1_task-sharedreward_ses-01_model-1_type-act_run-1_smTo-6.feat	562f0d15e0ac370a69ea36d40fdcb23f5e20f597
11128	01	1,2	fixed_effects	/ZPOOL/data/projects/rf1-sra-sharedreward/derivatives/fsl/sub-11128/ses-01/L2_task-sharedreward_ses-01_model-1_type-act_smTo-6.gfeat	562f0d15e0ac370a69ea36d40fdcb23f5e20f597
11134	01	1,2	fixed_effects	/ZPOOL/data/projects/rf1-sra-sharedreward/derivatives/fsl/sub-11134/ses-01/L2_task-sharedreward_ses-01_model-1_type-act_smTo-6.gfeat	562f0d15e0ac370a69ea36d40fdcb23f5e20f597
11139	01	1,2	fixed_effects	/ZPOOL/data/projects/rf1-sra-sharedreward/derivatives/fsl/sub-11139/ses-01/L2_task-sharedreward_ses-01_model-1_type-act_smTo-6.gfeat	562f0d15e0ac370a69ea36d40fdcb23f5e20f597
11145	01	1,2	fixed_effects	/ZPOOL/data/projects/rf1-sra-sharedreward/derivatives/fsl/sub-11145/ses-01/L2_task-sharedreward_ses-01_model-1_type-act_smTo-6.gfeat	562f0d15e0ac370a69ea36d40fdcb23f5e20f597
11164	01	1	l1_passthrough	/ZPOOL/data/projects/rf1-sra-sharedreward/derivatives/fsl/sub-11164/ses-01/L1_task-sharedreward_ses-01_model-1_type-act_run-1_smTo-6.feat	562f0d15e0ac370a69ea36d40fdcb23f5e20f597
11167	01	1,2	fixed_effects	/ZPOOL/data/projects/rf1-sra-sharedreward/derivatives/fsl/sub-11167/ses-01/L2_task-sharedreward_ses-01_model-1_type-act_smTo-6.gfeat	562f0d15e0ac370a69ea36d40fdcb23f5e20f597
11168	01	1,2	fixed_effects	/ZPOOL/data/projects/rf1-sra-sharedreward/derivatives/fsl/sub-11168/ses-01/L2_task-sharedreward_ses-01_model-1_type-act_smTo-6.gfeat	562f0d15e0ac370a69ea36d40fdcb23f5e20f597
11171	01	1,2	fixed_effects	/ZPOOL/data/projects/rf1-sra-sharedreward/derivatives/fsl/sub-11171/ses-01/L2_task-sharedreward_ses-01_model-1_type-act_smTo-6.gfeat	562f0d15e0ac370a69ea36d40fdcb23f5e20f597
11177	01	1,2	fixed_effects	/ZPOOL/data/projects/rf1-sra-sharedreward/derivatives/fsl/sub-11177/ses-01/L2_task-sharedreward_ses-01_model-1_type-act_smTo-6.gfeat	562f0d15e0ac370a69ea36d40fdcb23f5e20f597
11192	01	1,2	fixed_effects	/ZPOOL/data/projects/rf1-sra-sharedreward/derivatives/fsl/sub-11192/ses-01/L2_task-sharedreward_ses-01_model-1_type-act_smTo-6.gfeat	562f0d15e0ac370a69ea36d40fdcb23f5e20f597
11193	01	1,2	fixed_effects	/ZPOOL/data/projects/rf1-sra-sharedreward/derivatives/fsl/sub-11193/ses-01/L2_task-sharedreward_ses-01_model-1_type-act_smTo-6.gfeat	562f0d15e0ac370a69ea36d40fdcb23f5e20f597
11201	01	1	l1_passthrough	/ZPOOL/data/projects/rf1-sra-sharedreward/derivatives/fsl/sub-11201/ses-01/L1_task-sharedreward_ses-01_model-1_type-act_run-1_smTo-6.feat	562f0d15e0ac370a69ea36d40fdcb23f5e20f597
11203	01	1,2	fixed_effects	/ZPOOL/data/projects/rf1-sra-sharedreward/derivatives/fsl/sub-11203/ses-01/L2_task-sharedreward_ses-01_model-1_type-act_smTo-6.gfeat	562f0d15e0ac370a69ea36d40fdcb23f5e20f597
11209	01	1,2	fixed_effects	/ZPOOL/data/projects/rf1-sra-sharedreward/derivatives/fsl/sub-11209/ses-01/L2_task-sharedreward_ses-01_model-1_type-act_smTo-6.gfeat	562f0d15e0ac370a69ea36d40fdcb23f5e20f597
11227	01	1,2	fixed_effects	/ZPOOL/data/projects/rf1-sra-sharedreward/derivatives/fsl/sub-11227/ses-01/L2_task-sharedreward_ses-01_model-1_type-act_smTo-6.gfeat	562f0d15e0ac370a69ea36d40fdcb23f5e20f597
11238	01	1,2	fixed_effects	/ZPOOL/data/projects/rf1-sra-sharedreward/derivatives/fsl/sub-11238/ses-01/L2_task-sharedreward_ses-01_model-1_type-act_smTo-6.gfeat	562f0d15e0ac370a69ea36d40fdcb23f5e20f597
11241	01	1,2	fixed_effects	/ZPOOL/data/projects/rf1-sra-sharedreward/derivatives/fsl/sub-11241/ses-01/L2_task-sharedreward_ses-01_model-1_type-act_smTo-6.gfeat	562f0d15e0ac370a69ea36d40fdcb23f5e20f597
11246	01	1,2	fixed_effects	/ZPOOL/data/projects/rf1-sra-sharedreward/derivatives/fsl/sub-11246/ses-01/L2_task-sharedreward_ses-01_model-1_type-act_smTo-6.gfeat	562f0d15e0ac370a69ea36d40fdcb23f5e20f597
11276	01	1,2	fixed_effects	/ZPOOL/data/projects/rf1-sra-sharedreward/derivatives/fsl/sub-11276/ses-01/L2_task-sharedreward_ses-01_model-1_type-act_smTo-6.gfeat	562f0d15e0ac370a69ea36d40fdcb23f5e20f597
11286	01	1	l1_passthrough	/ZPOOL/data/projects/rf1-sra-sharedreward/derivatives/fsl/sub-11286/ses-01/L1_task-sharedreward_ses-01_model-1_type-act_run-1_smTo-6.feat	562f0d15e0ac370a69ea36d40fdcb23f5e20f597
11301	01	1,2	fixed_effects	/ZPOOL/data/projects/rf1-sra-sharedreward/derivatives/fsl/sub-11301/ses-01/L2_task-sharedreward_ses-01_model-1_type-act_smTo-6.gfeat	562f0d15e0ac370a69ea36d40fdcb23f5e20f597
11311	01	1,2	fixed_effects	/ZPOOL/data/projects/rf1-sra-sharedreward/derivatives/fsl/sub-11311/ses-01/L2_task-sharedreward_ses-01_model-1_type-act_smTo-6.gfeat	562f0d15e0ac370a69ea36d40fdcb23f5e20f597
11312	01	1,2	fixed_effects	/ZPOOL/data/projects/rf1-sra-sharedreward/derivatives/fsl/sub-11312/ses-01/L2_task-sharedreward_ses-01_model-1_type-act_smTo-6.gfeat	562f0d15e0ac370a69ea36d40fdcb23f5e20f597
11316	01	1,2	fixed_effects	/ZPOOL/data/projects/rf1-sra-sharedreward/derivatives/fsl/sub-11316/ses-01/L2_task-sharedreward_ses-01_model-1_type-act_smTo-6.gfeat	562f0d15e0ac370a69ea36d40fdcb23f5e20f597
11318	01	1,2	fixed_effects	/ZPOOL/data/projects/rf1-sra-sharedreward/derivatives/fsl/sub-11318/ses-01/L2_task-sharedreward_ses-01_model-1_type-act_smTo-6.gfeat	562f0d15e0ac370a69ea36d40fdcb23f5e20f597
11321	01	1,2	fixed_effects	/ZPOOL/data/projects/rf1-sra-sharedreward/derivatives/fsl/sub-11321/ses-01/L2_task-sharedreward_ses-01_model-1_type-act_smTo-6.gfeat	562f0d15e0ac370a69ea36d40fdcb23f5e20f597
11325	01	1,2	fixed_effects	/ZPOOL/data/projects/rf1-sra-sharedreward/derivatives/fsl/sub-11325/ses-01/L2_task-sharedreward_ses-01_model-1_type-act_smTo-6.gfeat	562f0d15e0ac370a69ea36d40fdcb23f5e20f597
11326	01	1,2	fixed_effects	/ZPOOL/data/projects/rf1-sra-sharedreward/derivatives/fsl/sub-11326/ses-01/L2_task-sharedreward_ses-01_model-1_type-act_smTo-6.gfeat	562f0d15e0ac370a69ea36d40fdcb23f5e20f597
11329	01	1,2	fixed_effects	/ZPOOL/data/projects/rf1-sra-sharedreward/derivatives/fsl/sub-11329/ses-01/L2_task-sharedreward_ses-01_model-1_type-act_smTo-6.gfeat	562f0d15e0ac370a69ea36d40fdcb23f5e20f597
11330	01	1,2	fixed_effects	/ZPOOL/data/projects/rf1-sra-sharedreward/derivatives/fsl/sub-11330/ses-01/L2_task-sharedreward_ses-01_model-1_type-act_smTo-6.gfeat	562f0d15e0ac370a69ea36d40fdcb23f5e20f597
11337	01	1,2	fixed_effects	/ZPOOL/data/projects/rf1-sra-sharedreward/derivatives/fsl/sub-11337/ses-01/L2_task-sharedreward_ses-01_model-1_type-act_smTo-6.gfeat	562f0d15e0ac370a69ea36d40fdcb23f5e20f597
11338	01	1,2	fixed_effects	/ZPOOL/data/projects/rf1-sra-sharedreward/derivatives/fsl/sub-11338/ses-01/L2_task-sharedreward_ses-01_model-1_type-act_smTo-6.gfeat	562f0d15e0ac370a69ea36d40fdcb23f5e20f597
11340	01	1,2	fixed_effects	/ZPOOL/data/projects/rf1-sra-sharedreward/derivatives/fsl/sub-11340/ses-01/L2_task-sharedreward_ses-01_model-1_type-act_smTo-6.gfeat	562f0d15e0ac370a69ea36d40fdcb23f5e20f597
11343	01	1,2	fixed_effects	/ZPOOL/data/projects/rf1-sra-sharedreward/derivatives/fsl/sub-11343/ses-01/L2_task-sharedreward_ses-01_model-1_type-act_smTo-6.gfeat	562f0d15e0ac370a69ea36d40fdcb23f5e20f597
11345	01	1,2	fixed_effects	/ZPOOL/data/projects/rf1-sra-sharedreward/derivatives/fsl/sub-11345/ses-01/L2_task-sharedreward_ses-01_model-1_type-act_smTo-6.gfeat	562f0d15e0ac370a69ea36d40fdcb23f5e20f597
11348	01	1,2	fixed_effects	/ZPOOL/data/projects/rf1-sra-sharedreward/derivatives/fsl/sub-11348/ses-01/L2_task-sharedreward_ses-01_model-1_type-act_smTo-6.gfeat	562f0d15e0ac370a69ea36d40fdcb23f5e20f597
11358	01	1,2	fixed_effects	/ZPOOL/data/projects/rf1-sra-sharedreward/derivatives/fsl/sub-11358/ses-01/L2_task-sharedreward_ses-01_model-1_type-act_smTo-6.gfeat	562f0d15e0ac370a69ea36d40fdcb23f5e20f597
11364	01	1,2	fixed_effects	/ZPOOL/data/projects/rf1-sra-sharedreward/derivatives/fsl/sub-11364/ses-01/L2_task-sharedreward_ses-01_model-1_type-act_smTo-6.gfeat	562f0d15e0ac370a69ea36d40fdcb23f5e20f597
11367	01	1,2	fixed_effects	/ZPOOL/data/projects/rf1-sra-sharedreward/derivatives/fsl/sub-11367/ses-01/L2_task-sharedreward_ses-01_model-1_type-act_smTo-6.gfeat	562f0d15e0ac370a69ea36d40fdcb23f5e20f597
11374	01	1,2	fixed_effects	/ZPOOL/data/projects/rf1-sra-sharedreward/derivatives/fsl/sub-11374/ses-01/L2_task-sharedreward_ses-01_model-1_type-act_smTo-6.gfeat	562f0d15e0ac370a69ea36d40fdcb23f5e20f597
11376	01	1,2	fixed_effects	/ZPOOL/data/projects/rf1-sra-sharedreward/derivatives/fsl/sub-11376/ses-01/L2_task-sharedreward_ses-01_model-1_type-act_smTo-6.gfeat	562f0d15e0ac370a69ea36d40fdcb23f5e20f597
11377	01	1,2	fixed_effects	/ZPOOL/data/projects/rf1-sra-sharedreward/derivatives/fsl/sub-11377/ses-01/L2_task-sharedreward_ses-01_model-1_type-act_smTo-6.gfeat	562f0d15e0ac370a69ea36d40fdcb23f5e20f597
11387	01	1,2	fixed_effects	/ZPOOL/data/projects/rf1-sra-sharedreward/derivatives/fsl/sub-11387/ses-01/L2_task-sharedreward_ses-01_model-1_type-act_smTo-6.gfeat	562f0d15e0ac370a69ea36d40fdcb23f5e20f597
11410	01	1,2	fixed_effects	/ZPOOL/data/projects/rf1-sra-sharedreward/derivatives/fsl/sub-11410/ses-01/L2_task-sharedreward_ses-01_model-1_type-act_smTo-6.gfeat	562f0d15e0ac370a69ea36d40fdcb23f5e20f597
11416	01	1	l1_passthrough	/ZPOOL/data/projects/rf1-sra-sharedreward/derivatives/fsl/sub-11416/ses-01/L1_task-sharedreward_ses-01_model-1_type-act_run-1_smTo-6.feat	562f0d15e0ac370a69ea36d40fdcb23f5e20f597
11426	01	1	l1_passthrough	/ZPOOL/data/projects/rf1-sra-sharedreward/derivatives/fsl/sub-11426/ses-01/L1_task-sharedreward_ses-01_model-1_type-act_run-1_smTo-6.feat	562f0d15e0ac370a69ea36d40fdcb23f5e20f597
11430	01	1	l1_passthrough	/ZPOOL/data/projects/rf1-sra-sharedreward/derivatives/fsl/sub-11430/ses-01/L1_task-sharedreward_ses-01_model-1_type-act_run-1_smTo-6.feat	562f0d15e0ac370a69ea36d40fdcb23f5e20f597
11432	01	1,2	fixed_effects	/ZPOOL/data/projects/rf1-sra-sharedreward/derivatives/fsl/sub-11432/ses-01/L2_task-sharedreward_ses-01_model-1_type-act_smTo-6.gfeat	562f0d15e0ac370a69ea36d40fdcb23f5e20f597
11433	01	1,2	fixed_effects	/ZPOOL/data/projects/rf1-sra-sharedreward/derivatives/fsl/sub-11433/ses-01/L2_task-sharedreward_ses-01_model-1_type-act_smTo-6.gfeat	562f0d15e0ac370a69ea36d40fdcb23f5e20f597
11435	01	1,2	fixed_effects	/ZPOOL/data/projects/rf1-sra-sharedreward/derivatives/fsl/sub-11435/ses-01/L2_task-sharedreward_ses-01_model-1_type-act_smTo-6.gfeat	562f0d15e0ac370a69ea36d40fdcb23f5e20f597
11439	01	1	l1_passthrough	/ZPOOL/data/projects/rf1-sra-sharedreward/derivatives/fsl/sub-11439/ses-01/L1_task-sharedreward_ses-01_model-1_type-act_run-1_smTo-6.feat	562f0d15e0ac370a69ea36d40fdcb23f5e20f597
11440	01	1,2	fixed_effects	/ZPOOL/data/projects/rf1-sra-sharedreward/derivatives/fsl/sub-11440/ses-01/L2_task-sharedreward_ses-01_model-1_type-act_smTo-6.gfeat	562f0d15e0ac370a69ea36d40fdcb23f5e20f597
11443	01	1	l1_passthrough	/ZPOOL/data/projects/rf1-sra-sharedreward/derivatives/fsl/sub-11443/ses-01/L1_task-sharedreward_ses-01_model-1_type-act_run-1_smTo-6.feat	562f0d15e0ac370a69ea36d40fdcb23f5e20f597
11450	01	1	l1_passthrough	/ZPOOL/data/projects/rf1-sra-sharedreward/derivatives/fsl/sub-11450/ses-01/L1_task-sharedreward_ses-01_model-1_type-act_run-1_smTo-6.feat	562f0d15e0ac370a69ea36d40fdcb23f5e20f597
11451	01	1,2	fixed_effects	/ZPOOL/data/projects/rf1-sra-sharedreward/derivatives/fsl/sub-11451/ses-01/L2_task-sharedreward_ses-01_model-1_type-act_smTo-6.gfeat	562f0d15e0ac370a69ea36d40fdcb23f5e20f597
11461	01	1,2	fixed_effects	/ZPOOL/data/projects/rf1-sra-sharedreward/derivatives/fsl/sub-11461/ses-01/L2_task-sharedreward_ses-01_model-1_type-act_smTo-6.gfeat	562f0d15e0ac370a69ea36d40fdcb23f5e20f597
11462	01	1	l1_passthrough	/ZPOOL/data/projects/rf1-sra-sharedreward/derivatives/fsl/sub-11462/ses-01/L1_task-sharedreward_ses-01_model-1_type-act_run-1_smTo-6.feat	562f0d15e0ac370a69ea36d40fdcb23f5e20f597
11472	01	1,2	fixed_effects	/ZPOOL/data/projects/rf1-sra-sharedreward/derivatives/fsl/sub-11472/ses-01/L2_task-sharedreward_ses-01_model-1_type-act_smTo-6.gfeat	562f0d15e0ac370a69ea36d40fdcb23f5e20f597
11492	01	1,2	fixed_effects	/ZPOOL/data/projects/rf1-sra-sharedreward/derivatives/fsl/sub-11492/ses-01/L2_task-sharedreward_ses-01_model-1_type-act_smTo-6.gfeat	562f0d15e0ac370a69ea36d40fdcb23f5e20f597
11493	01	1,2	fixed_effects	/ZPOOL/data/projects/rf1-sra-sharedreward/derivatives/fsl/sub-11493/ses-01/L2_task-sharedreward_ses-01_model-1_type-act_smTo-6.gfeat	562f0d15e0ac370a69ea36d40fdcb23f5e20f597
11498	01	1	l1_passthrough	/ZPOOL/data/projects/rf1-sra-sharedreward/derivatives/fsl/sub-11498/ses-01/L1_task-sharedreward_ses-01_model-1_type-act_run-1_smTo-6.feat	562f0d15e0ac370a69ea36d40fdcb23f5e20f597
11517	01	1,2	fixed_effects	/ZPOOL/data/projects/rf1-sra-sharedreward/derivatives/fsl/sub-11517/ses-01/L2_task-sharedreward_ses-01_model-1_type-act_smTo-6.gfeat	562f0d15e0ac370a69ea36d40fdcb23f5e20f597
11518	01	1,2	fixed_effects	/ZPOOL/data/projects/rf1-sra-sharedreward/derivatives/fsl/sub-11518/ses-01/L2_task-sharedreward_ses-01_model-1_type-act_smTo-6.gfeat	562f0d15e0ac370a69ea36d40fdcb23f5e20f597
11523	01	1,2	fixed_effects	/ZPOOL/data/projects/rf1-sra-sharedreward/derivatives/fsl/sub-11523/ses-01/L2_task-sharedreward_ses-01_model-1_type-act_smTo-6.gfeat	562f0d15e0ac370a69ea36d40fdcb23f5e20f597
11526	01	1,2	fixed_effects	/ZPOOL/data/projects/rf1-sra-sharedreward/derivatives/fsl/sub-11526/ses-01/L2_task-sharedreward_ses-01_model-1_type-act_smTo-6.gfeat	562f0d15e0ac370a69ea36d40fdcb23f5e20f597
11527	01	1,2	fixed_effects	/ZPOOL/data/projects/rf1-sra-sharedreward/derivatives/fsl/sub-11527/ses-01/L2_task-sharedreward_ses-01_model-1_type-act_smTo-6.gfeat	562f0d15e0ac370a69ea36d40fdcb23f5e20f597
11529	01	1,2	fixed_effects	/ZPOOL/data/projects/rf1-sra-sharedreward/derivatives/fsl/sub-11529/ses-01/L2_task-sharedreward_ses-01_model-1_type-act_smTo-6.gfeat	562f0d15e0ac370a69ea36d40fdcb23f5e20f597
11530	01	1,2	fixed_effects	/ZPOOL/data/projects/rf1-sra-sharedreward/derivatives/fsl/sub-11530/ses-01/L2_task-sharedreward_ses-01_model-1_type-act_smTo-6.gfeat	562f0d15e0ac370a69ea36d40fdcb23f5e20f597
11532	01	1,2	fixed_effects	/ZPOOL/data/projects/rf1-sra-sharedreward/derivatives/fsl/sub-11532/ses-01/L2_task-sharedreward_ses-01_model-1_type-act_smTo-6.gfeat	562f0d15e0ac370a69ea36d40fdcb23f5e20f597
11533	01	1,2	fixed_effects	/ZPOOL/data/projects/rf1-sra-sharedreward/derivatives/fsl/sub-11533/ses-01/L2_task-sharedreward_ses-01_model-1_type-act_smTo-6.gfeat	562f0d15e0ac370a69ea36d40fdcb23f5e20f597
11534	01	1,2	fixed_effects	/ZPOOL/data/projects/rf1-sra-sharedreward/derivatives/fsl/sub-11534/ses-01/L2_task-sharedreward_ses-01_model-1_type-act_smTo-6.gfeat	562f0d15e0ac370a69ea36d40fdcb23f5e20f597
11535	01	1,2	fixed_effects	/ZPOOL/data/projects/rf1-sra-sharedreward/derivatives/fsl/sub-11535/ses-01/L2_task-sharedreward_ses-01_model-1_type-act_smTo-6.gfeat	562f0d15e0ac370a69ea36d40fdcb23f5e20f597
11536	01	1,2	fixed_effects	/ZPOOL/data/projects/rf1-sra-sharedreward/derivatives/fsl/sub-11536/ses-01/L2_task-sharedreward_ses-01_model-1_type-act_smTo-6.gfeat	562f0d15e0ac370a69ea36d40fdcb23f5e20f597
11540	01	1,2	fixed_effects	/ZPOOL/data/projects/rf1-sra-sharedreward/derivatives/fsl/sub-11540/ses-01/L2_task-sharedreward_ses-01_model-1_type-act_smTo-6.gfeat	562f0d15e0ac370a69ea36d40fdcb23f5e20f597
11542	01	1,2	fixed_effects	/ZPOOL/data/projects/rf1-sra-sharedreward/derivatives/fsl/sub-11542/ses-01/L2_task-sharedreward_ses-01_model-1_type-act_smTo-6.gfeat	562f0d15e0ac370a69ea36d40fdcb23f5e20f597
11545	01	1,2	fixed_effects	/ZPOOL/data/projects/rf1-sra-sharedreward/derivatives/fsl/sub-11545/ses-01/L2_task-sharedreward_ses-01_model-1_type-act_smTo-6.gfeat	562f0d15e0ac370a69ea36d40fdcb23f5e20f597
11551	01	1,2	fixed_effects	/ZPOOL/data/projects/rf1-sra-sharedreward/derivatives/fsl/sub-11551/ses-01/L2_task-sharedreward_ses-01_model-1_type-act_smTo-6.gfeat	562f0d15e0ac370a69ea36d40fdcb23f5e20f597
11559	01	1,2	fixed_effects	/ZPOOL/data/projects/rf1-sra-sharedreward/derivatives/fsl/sub-11559/ses-01/L2_task-sharedreward_ses-01_model-1_type-act_smTo-6.gfeat	562f0d15e0ac370a69ea36d40fdcb23f5e20f597
11560	01	1,2	fixed_effects	/ZPOOL/data/projects/rf1-sra-sharedreward/derivatives/fsl/sub-11560/ses-01/L2_task-sharedreward_ses-01_model-1_type-act_smTo-6.gfeat	562f0d15e0ac370a69ea36d40fdcb23f5e20f597
11563	01	1,2	fixed_effects	/ZPOOL/data/projects/rf1-sra-sharedreward/derivatives/fsl/sub-11563/ses-01/L2_task-sharedreward_ses-01_model-1_type-act_smTo-6.gfeat	562f0d15e0ac370a69ea36d40fdcb23f5e20f597
11570	01	1,2	fixed_effects	/ZPOOL/data/projects/rf1-sra-sharedreward/derivatives/fsl/sub-11570/ses-01/L2_task-sharedreward_ses-01_model-1_type-act_smTo-6.gfeat	562f0d15e0ac370a69ea36d40fdcb23f5e20f597
11572	01	1,2	fixed_effects	/ZPOOL/data/projects/rf1-sra-sharedreward/derivatives/fsl/sub-11572/ses-01/L2_task-sharedreward_ses-01_model-1_type-act_smTo-6.gfeat	562f0d15e0ac370a69ea36d40fdcb23f5e20f597
11579	01	1,2	fixed_effects	/ZPOOL/data/projects/rf1-sra-sharedreward/derivatives/fsl/sub-11579/ses-01/L2_task-sharedreward_ses-01_model-1_type-act_smTo-6.gfeat	562f0d15e0ac370a69ea36d40fdcb23f5e20f597
11586	01	1	l1_passthrough	/ZPOOL/data/projects/rf1-sra-sharedreward/derivatives/fsl/sub-11586/ses-01/L1_task-sharedreward_ses-01_model-1_type-act_run-1_smTo-6.feat	562f0d15e0ac370a69ea36d40fdcb23f5e20f597
11587	01	1,2	fixed_effects	/ZPOOL/data/projects/rf1-sra-sharedreward/derivatives/fsl/sub-11587/ses-01/L2_task-sharedreward_ses-01_model-1_type-act_smTo-6.gfeat	562f0d15e0ac370a69ea36d40fdcb23f5e20f597
11588	01	1,2	fixed_effects	/ZPOOL/data/projects/rf1-sra-sharedreward/derivatives/fsl/sub-11588/ses-01/L2_task-sharedreward_ses-01_model-1_type-act_smTo-6.gfeat	562f0d15e0ac370a69ea36d40fdcb23f5e20f597
11591	01	1,2	fixed_effects	/ZPOOL/data/projects/rf1-sra-sharedreward/derivatives/fsl/sub-11591/ses-01/L2_task-sharedreward_ses-01_model-1_type-act_smTo-6.gfeat	562f0d15e0ac370a69ea36d40fdcb23f5e20f597
11597	01	1,2	fixed_effects	/ZPOOL/data/projects/rf1-sra-sharedreward/derivatives/fsl/sub-11597/ses-01/L2_task-sharedreward_ses-01_model-1_type-act_smTo-6.gfeat	562f0d15e0ac370a69ea36d40fdcb23f5e20f597
11598	01	1,2	fixed_effects	/ZPOOL/data/projects/rf1-sra-sharedreward/derivatives/fsl/sub-11598/ses-01/L2_task-sharedreward_ses-01_model-1_type-act_smTo-6.gfeat	562f0d15e0ac370a69ea36d40fdcb23f5e20f597
11599	01	1,2	fixed_effects	/ZPOOL/data/projects/rf1-sra-sharedreward/derivatives/fsl/sub-11599/ses-01/L2_task-sharedreward_ses-01_model-1_type-act_smTo-6.gfeat	562f0d15e0ac370a69ea36d40fdcb23f5e20f597
11600	01	1,2	fixed_effects	/ZPOOL/data/projects/rf1-sra-sharedreward/derivatives/fsl/sub-11600/ses-01/L2_task-sharedreward_ses-01_model-1_type-act_smTo-6.gfeat	562f0d15e0ac370a69ea36d40fdcb23f5e20f597
11606	01	1,2	fixed_effects	/ZPOOL/data/projects/rf1-sra-sharedreward/derivatives/fsl/sub-11606/ses-01/L2_task-sharedreward_ses-01_model-1_type-act_smTo-6.gfeat	562f0d15e0ac370a69ea36d40fdcb23f5e20f597
11614	01	1,2	fixed_effects	/ZPOOL/data/projects/rf1-sra-sharedreward/derivatives/fsl/sub-11614/ses-01/L2_task-sharedreward_ses-01_model-1_type-act_smTo-6.gfeat	562f0d15e0ac370a69ea36d40fdcb23f5e20f597
11622	01	1,2	fixed_effects	/ZPOOL/data/projects/rf1-sra-sharedreward/derivatives/fsl/sub-11622/ses-01/L2_task-sharedreward_ses-01_model-1_type-act_smTo-6.gfeat	562f0d15e0ac370a69ea36d40fdcb23f5e20f597
11623	01	1	l1_passthrough	/ZPOOL/data/projects/rf1-sra-sharedreward/derivatives/fsl/sub-11623/ses-01/L1_task-sharedreward_ses-01_model-1_type-act_run-1_smTo-6.feat	562f0d15e0ac370a69ea36d40fdcb23f5e20f597
11625	01	1,2	fixed_effects	/ZPOOL/data/projects/rf1-sra-sharedreward/derivatives/fsl/sub-11625/ses-01/L2_task-sharedreward_ses-01_model-1_type-act_smTo-6.gfeat	562f0d15e0ac370a69ea36d40fdcb23f5e20f597
11626	01	1,2	fixed_effects	/ZPOOL/data/projects/rf1-sra-sharedreward/derivatives/fsl/sub-11626/ses-01/L2_task-sharedreward_ses-01_model-1_type-act_smTo-6.gfeat	562f0d15e0ac370a69ea36d40fdcb23f5e20f597
11628	01	1,2	fixed_effects	/ZPOOL/data/projects/rf1-sra-sharedreward/derivatives/fsl/sub-11628/ses-01/L2_task-sharedreward_ses-01_model-1_type-act_smTo-6.gfeat	562f0d15e0ac370a69ea36d40fdcb23f5e20f597
11631	01	1,2	fixed_effects	/ZPOOL/data/projects/rf1-sra-sharedreward/derivatives/fsl/sub-11631/ses-01/L2_task-sharedreward_ses-01_model-1_type-act_smTo-6.gfeat	562f0d15e0ac370a69ea36d40fdcb23f5e20f597
11651	01	1,2	fixed_effects	/ZPOOL/data/projects/rf1-sra-sharedreward/derivatives/fsl/sub-11651/ses-01/L2_task-sharedreward_ses-01_model-1_type-act_smTo-6.gfeat	562f0d15e0ac370a69ea36d40fdcb23f5e20f597
11660	01	1,2	fixed_effects	/ZPOOL/data/projects/rf1-sra-sharedreward/derivatives/fsl/sub-11660/ses-01/L2_task-sharedreward_ses-01_model-1_type-act_smTo-6.gfeat	562f0d15e0ac370a69ea36d40fdcb23f5e20f597
11670	01	1,2	fixed_effects	/ZPOOL/data/projects/rf1-sra-sharedreward/derivatives/fsl/sub-11670/ses-01/L2_task-sharedreward_ses-01_model-1_type-act_smTo-6.gfeat	562f0d15e0ac370a69ea36d40fdcb23f5e20f597
11674	01	1	l1_passthrough	/ZPOOL/data/projects/rf1-sra-sharedreward/derivatives/fsl/sub-11674/ses-01/L1_task-sharedreward_ses-01_model-1_type-act_run-1_smTo-6.feat	562f0d15e0ac370a69ea36d40fdcb23f5e20f597
11679	01	1,2	fixed_effects	/ZPOOL/data/projects/rf1-sra-sharedreward/derivatives/fsl/sub-11679/ses-01/L2_task-sharedreward_ses-01_model-1_type-act_smTo-6.gfeat	562f0d15e0ac370a69ea36d40fdcb23f5e20f597
11681	01	1,2	fixed_effects	/ZPOOL/data/projects/rf1-sra-sharedreward/derivatives/fsl/sub-11681/ses-01/L2_task-sharedreward_ses-01_model-1_type-act_smTo-6.gfeat	562f0d15e0ac370a69ea36d40fdcb23f5e20f597
11692	01	1,2	fixed_effects	/ZPOOL/data/projects/rf1-sra-sharedreward/derivatives/fsl/sub-11692/ses-01/L2_task-sharedreward_ses-01_model-1_type-act_smTo-6.gfeat	562f0d15e0ac370a69ea36d40fdcb23f5e20f597
11694	01	1	l1_passthrough	/ZPOOL/data/projects/rf1-sra-sharedreward/derivatives/fsl/sub-11694/ses-01/L1_task-sharedreward_ses-01_model-1_type-act_run-1_smTo-6.feat	562f0d15e0ac370a69ea36d40fdcb23f5e20f597
11701	01	1,2	fixed_effects	/ZPOOL/data/projects/rf1-sra-sharedreward/derivatives/fsl/sub-11701/ses-01/L2_task-sharedreward_ses-01_model-1_type-act_smTo-6.gfeat	562f0d15e0ac370a69ea36d40fdcb23f5e20f597
11703	01	1,2	fixed_effects	/ZPOOL/data/projects/rf1-sra-sharedreward/derivatives/fsl/sub-11703/ses-01/L2_task-sharedreward_ses-01_model-1_type-act_smTo-6.gfeat	562f0d15e0ac370a69ea36d40fdcb23f5e20f597
11705	01	1,2	fixed_effects	/ZPOOL/data/projects/rf1-sra-sharedreward/derivatives/fsl/sub-11705/ses-01/L2_task-sharedreward_ses-01_model-1_type-act_smTo-6.gfeat	562f0d15e0ac370a69ea36d40fdcb23f5e20f597
11709	01	1,2	fixed_effects	/ZPOOL/data/projects/rf1-sra-sharedreward/derivatives/fsl/sub-11709/ses-01/L2_task-sharedreward_ses-01_model-1_type-act_smTo-6.gfeat	562f0d15e0ac370a69ea36d40fdcb23f5e20f597
11710	01	1,2	fixed_effects	/ZPOOL/data/projects/rf1-sra-sharedreward/derivatives/fsl/sub-11710/ses-01/L2_task-sharedreward_ses-01_model-1_type-act_smTo-6.gfeat	562f0d15e0ac370a69ea36d40fdcb23f5e20f597
11714	01	1,2	fixed_effects	/ZPOOL/data/projects/rf1-sra-sharedreward/derivatives/fsl/sub-11714/ses-01/L2_task-sharedreward_ses-01_model-1_type-act_smTo-6.gfeat	562f0d15e0ac370a69ea36d40fdcb23f5e20f597
11719	01	1	l1_passthrough	/ZPOOL/data/projects/rf1-sra-sharedreward/derivatives/fsl/sub-11719/ses-01/L1_task-sharedreward_ses-01_model-1_type-act_run-1_smTo-6.feat	562f0d15e0ac370a69ea36d40fdcb23f5e20f597
11720	01	1,2	fixed_effects	/ZPOOL/data/projects/rf1-sra-sharedreward/derivatives/fsl/sub-11720/ses-01/L2_task-sharedreward_ses-01_model-1_type-act_smTo-6.gfeat	562f0d15e0ac370a69ea36d40fdcb23f5e20f597
11722	01	1,2	fixed_effects	/ZPOOL/data/projects/rf1-sra-sharedreward/derivatives/fsl/sub-11722/ses-01/L2_task-sharedreward_ses-01_model-1_type-act_smTo-6.gfeat	562f0d15e0ac370a69ea36d40fdcb23f5e20f597
11723	01	1,2	fixed_effects	/ZPOOL/data/projects/rf1-sra-sharedreward/derivatives/fsl/sub-11723/ses-01/L2_task-sharedreward_ses-01_model-1_type-act_smTo-6.gfeat	562f0d15e0ac370a69ea36d40fdcb23f5e20f597
11736	01	1,2	fixed_effects	/ZPOOL/data/projects/rf1-sra-sharedreward/derivatives/fsl/sub-11736/ses-01/L2_task-sharedreward_ses-01_model-1_type-act_smTo-6.gfeat	562f0d15e0ac370a69ea36d40fdcb23f5e20f597
11744	01	1,2	fixed_effects	/ZPOOL/data/projects/rf1-sra-sharedreward/derivatives/fsl/sub-11744/ses-01/L2_task-sharedreward_ses-01_model-1_type-act_smTo-6.gfeat	562f0d15e0ac370a69ea36d40fdcb23f5e20f597
11746	01	1,2	fixed_effects	/ZPOOL/data/projects/rf1-sra-sharedreward/derivatives/fsl/sub-11746/ses-01/L2_task-sharedreward_ses-01_model-1_type-act_smTo-6.gfeat	562f0d15e0ac370a69ea36d40fdcb23f5e20f597
11748	01	1,2	fixed_effects	/ZPOOL/data/projects/rf1-sra-sharedreward/derivatives/fsl/sub-11748/ses-01/L2_task-sharedreward_ses-01_model-1_type-act_smTo-6.gfeat	562f0d15e0ac370a69ea36d40fdcb23f5e20f597
11756	01	1,2	fixed_effects	/ZPOOL/data/projects/rf1-sra-sharedreward/derivatives/fsl/sub-11756/ses-01/L2_task-sharedreward_ses-01_model-1_type-act_smTo-6.gfeat	562f0d15e0ac370a69ea36d40fdcb23f5e20f597
11764	01	1,2	fixed_effects	/ZPOOL/data/projects/rf1-sra-sharedreward/derivatives/fsl/sub-11764/ses-01/L2_task-sharedreward_ses-01_model-1_type-act_smTo-6.gfeat	562f0d15e0ac370a69ea36d40fdcb23f5e20f597
11772	01	1	l1_passthrough	/ZPOOL/data/projects/rf1-sra-sharedreward/derivatives/fsl/sub-11772/ses-01/L1_task-sharedreward_ses-01_model-1_type-act_run-1_smTo-6.feat	562f0d15e0ac370a69ea36d40fdcb23f5e20f597
11773	01	1,2	fixed_effects	/ZPOOL/data/projects/rf1-sra-sharedreward/derivatives/fsl/sub-11773/ses-01/L2_task-sharedreward_ses-01_model-1_type-act_smTo-6.gfeat	562f0d15e0ac370a69ea36d40fdcb23f5e20f597
11774	01	1,2	fixed_effects	/ZPOOL/data/projects/rf1-sra-sharedreward/derivatives/fsl/sub-11774/ses-01/L2_task-sharedreward_ses-01_model-1_type-act_smTo-6.gfeat	562f0d15e0ac370a69ea36d40fdcb23f5e20f597
11784	01	1,2	fixed_effects	/ZPOOL/data/projects/rf1-sra-sharedreward/derivatives/fsl/sub-11784/ses-01/L2_task-sharedreward_ses-01_model-1_type-act_smTo-6.gfeat	562f0d15e0ac370a69ea36d40fdcb23f5e20f597
11787	01	1,2	fixed_effects	/ZPOOL/data/projects/rf1-sra-sharedreward/derivatives/fsl/sub-11787/ses-01/L2_task-sharedreward_ses-01_model-1_type-act_smTo-6.gfeat	562f0d15e0ac370a69ea36d40fdcb23f5e20f597
11788	01	1,2	fixed_effects	/ZPOOL/data/projects/rf1-sra-sharedreward/derivatives/fsl/sub-11788/ses-01/L2_task-sharedreward_ses-01_model-1_type-act_smTo-6.gfeat	562f0d15e0ac370a69ea36d40fdcb23f5e20f597
11789	01	1,2	fixed_effects	/ZPOOL/data/projects/rf1-sra-sharedreward/derivatives/fsl/sub-11789/ses-01/L2_task-sharedreward_ses-01_model-1_type-act_smTo-6.gfeat	562f0d15e0ac370a69ea36d40fdcb23f5e20f597
11790	01	1,2	fixed_effects	/ZPOOL/data/projects/rf1-sra-sharedreward/derivatives/fsl/sub-11790/ses-01/L2_task-sharedreward_ses-01_model-1_type-act_smTo-6.gfeat	562f0d15e0ac370a69ea36d40fdcb23f5e20f597
11793	01	1,2	fixed_effects	/ZPOOL/data/projects/rf1-sra-sharedreward/derivatives/fsl/sub-11793/ses-01/L2_task-sharedreward_ses-01_model-1_type-act_smTo-6.gfeat	562f0d15e0ac370a69ea36d40fdcb23f5e20f597
11795	01	1,2	fixed_effects	/ZPOOL/data/projects/rf1-sra-sharedreward/derivatives/fsl/sub-11795/ses-01/L2_task-sharedreward_ses-01_model-1_type-act_smTo-6.gfeat	562f0d15e0ac370a69ea36d40fdcb23f5e20f597
11815	01	1,2	fixed_effects	/ZPOOL/data/projects/rf1-sra-sharedreward/derivatives/fsl/sub-11815/ses-01/L2_task-sharedreward_ses-01_model-1_type-act_smTo-6.gfeat	562f0d15e0ac370a69ea36d40fdcb23f5e20f597
11822	01	1,2	fixed_effects	/ZPOOL/data/projects/rf1-sra-sharedreward/derivatives/fsl/sub-11822/ses-01/L2_task-sharedreward_ses-01_model-1_type-act_smTo-6.gfeat	562f0d15e0ac370a69ea36d40fdcb23f5e20f597
11823	01	1,2	fixed_effects	/ZPOOL/data/projects/rf1-sra-sharedreward/derivatives/fsl/sub-11823/ses-01/L2_task-sharedreward_ses-01_model-1_type-act_smTo-6.gfeat	562f0d15e0ac370a69ea36d40fdcb23f5e20f597
11824	01	1,2	fixed_effects	/ZPOOL/data/projects/rf1-sra-sharedreward/derivatives/fsl/sub-11824/ses-01/L2_task-sharedreward_ses-01_model-1_type-act_smTo-6.gfeat	562f0d15e0ac370a69ea36d40fdcb23f5e20f597
11828	01	1,2	fixed_effects	/ZPOOL/data/projects/rf1-sra-sharedreward/derivatives/fsl/sub-11828/ses-01/L2_task-sharedreward_ses-01_model-1_type-act_smTo-6.gfeat	562f0d15e0ac370a69ea36d40fdcb23f5e20f597
11829	01	2	l1_passthrough	/ZPOOL/data/projects/rf1-sra-sharedreward/derivatives/fsl/sub-11829/ses-01/L1_task-sharedreward_ses-01_model-1_type-act_run-2_smTo-6.feat	562f0d15e0ac370a69ea36d40fdcb23f5e20f597
11840	01	1,2	fixed_effects	/ZPOOL/data/projects/rf1-sra-sharedreward/derivatives/fsl/sub-11840/ses-01/L2_task-sharedreward_ses-01_model-1_type-act_smTo-6.gfeat	562f0d15e0ac370a69ea36d40fdcb23f5e20f597
11847	01	1,2	fixed_effects	/ZPOOL/data/projects/rf1-sra-sharedreward/derivatives/fsl/sub-11847/ses-01/L2_task-sharedreward_ses-01_model-1_type-act_smTo-6.gfeat	562f0d15e0ac370a69ea36d40fdcb23f5e20f597
11853	01	1,2	fixed_effects	/ZPOOL/data/projects/rf1-sra-sharedreward/derivatives/fsl/sub-11853/ses-01/L2_task-sharedreward_ses-01_model-1_type-act_smTo-6.gfeat	562f0d15e0ac370a69ea36d40fdcb23f5e20f597
11854	01	1,2	fixed_effects	/ZPOOL/data/projects/rf1-sra-sharedreward/derivatives/fsl/sub-11854/ses-01/L2_task-sharedreward_ses-01_model-1_type-act_smTo-6.gfeat	562f0d15e0ac370a69ea36d40fdcb23f5e20f597
11861	01	1,2	fixed_effects	/ZPOOL/data/projects/rf1-sra-sharedreward/derivatives/fsl/sub-11861/ses-01/L2_task-sharedreward_ses-01_model-1_type-act_smTo-6.gfeat	562f0d15e0ac370a69ea36d40fdcb23f5e20f597
11866	01	1,2	fixed_effects	/ZPOOL/data/projects/rf1-sra-sharedreward/derivatives/fsl/sub-11866/ses-01/L2_task-sharedreward_ses-01_model-1_type-act_smTo-6.gfeat	562f0d15e0ac370a69ea36d40fdcb23f5e20f597
11867	01	1,2	fixed_effects	/ZPOOL/data/projects/rf1-sra-sharedreward/derivatives/fsl/sub-11867/ses-01/L2_task-sharedreward_ses-01_model-1_type-act_smTo-6.gfeat	562f0d15e0ac370a69ea36d40fdcb23f5e20f597
11870	01	1,2	fixed_effects	/ZPOOL/data/projects/rf1-sra-sharedreward/derivatives/fsl/sub-11870/ses-01/L2_task-sharedreward_ses-01_model-1_type-act_smTo-6.gfeat	562f0d15e0ac370a69ea36d40fdcb23f5e20f597
11872	01	1,2	fixed_effects	/ZPOOL/data/projects/rf1-sra-sharedreward/derivatives/fsl/sub-11872/ses-01/L2_task-sharedreward_ses-01_model-1_type-act_smTo-6.gfeat	562f0d15e0ac370a69ea36d40fdcb23f5e20f597
11876	01	1,2	fixed_effects	/ZPOOL/data/projects/rf1-sra-sharedreward/derivatives/fsl/sub-11876/ses-01/L2_task-sharedreward_ses-01_model-1_type-act_smTo-6.gfeat	562f0d15e0ac370a69ea36d40fdcb23f5e20f597
11877	01	1,2	fixed_effects	/ZPOOL/data/projects/rf1-sra-sharedreward/derivatives/fsl/sub-11877/ses-01/L2_task-sharedreward_ses-01_model-1_type-act_smTo-6.gfeat	562f0d15e0ac370a69ea36d40fdcb23f5e20f597
11881	01	1,2	fixed_effects	/ZPOOL/data/projects/rf1-sra-sharedreward/derivatives/fsl/sub-11881/ses-01/L2_task-sharedreward_ses-01_model-1_type-act_smTo-6.gfeat	562f0d15e0ac370a69ea36d40fdcb23f5e20f597
11885	01	1,2	fixed_effects	/ZPOOL/data/projects/rf1-sra-sharedreward/derivatives/fsl/sub-11885/ses-01/L2_task-sharedreward_ses-01_model-1_type-act_smTo-6.gfeat	562f0d15e0ac370a69ea36d40fdcb23f5e20f597
11891	01	1,2	fixed_effects	/ZPOOL/data/projects/rf1-sra-sharedreward/derivatives/fsl/sub-11891/ses-01/L2_task-sharedreward_ses-01_model-1_type-act_smTo-6.gfeat	562f0d15e0ac370a69ea36d40fdcb23f5e20f597
11897	01	1,2	fixed_effects	/ZPOOL/data/projects/rf1-sra-sharedreward/derivatives/fsl/sub-11897/ses-01/L2_task-sharedreward_ses-01_model-1_type-act_smTo-6.gfeat	562f0d15e0ac370a69ea36d40fdcb23f5e20f597
11900	01	1,2	fixed_effects	/ZPOOL/data/projects/rf1-sra-sharedreward/derivatives/fsl/sub-11900/ses-01/L2_task-sharedreward_ses-01_model-1_type-act_smTo-6.gfeat	562f0d15e0ac370a69ea36d40fdcb23f5e20f597
11902	01	1	l1_passthrough	/ZPOOL/data/projects/rf1-sra-sharedreward/derivatives/fsl/sub-11902/ses-01/L1_task-sharedreward_ses-01_model-1_type-act_run-1_smTo-6.feat	562f0d15e0ac370a69ea36d40fdcb23f5e20f597
11909	01	1,2	fixed_effects	/ZPOOL/data/projects/rf1-sra-sharedreward/derivatives/fsl/sub-11909/ses-01/L2_task-sharedreward_ses-01_model-1_type-act_smTo-6.gfeat	562f0d15e0ac370a69ea36d40fdcb23f5e20f597
11913	01	1,2	fixed_effects	/ZPOOL/data/projects/rf1-sra-sharedreward/derivatives/fsl/sub-11913/ses-01/L2_task-sharedreward_ses-01_model-1_type-act_smTo-6.gfeat	562f0d15e0ac370a69ea36d40fdcb23f5e20f597
11914	01	1,2	fixed_effects	/ZPOOL/data/projects/rf1-sra-sharedreward/derivatives/fsl/sub-11914/ses-01/L2_task-sharedreward_ses-01_model-1_type-act_smTo-6.gfeat	562f0d15e0ac370a69ea36d40fdcb23f5e20f597
11920	01	1	l1_passthrough	/ZPOOL/data/projects/rf1-sra-sharedreward/derivatives/fsl/sub-11920/ses-01/L1_task-sharedreward_ses-01_model-1_type-act_run-1_smTo-6.feat	562f0d15e0ac370a69ea36d40fdcb23f5e20f597
11922	01	1,2	fixed_effects	/ZPOOL/data/projects/rf1-sra-sharedreward/derivatives/fsl/sub-11922/ses-01/L2_task-sharedreward_ses-01_model-1_type-act_smTo-6.gfeat	562f0d15e0ac370a69ea36d40fdcb23f5e20f597
11923	01	1,2	fixed_effects	/ZPOOL/data/projects/rf1-sra-sharedreward/derivatives/fsl/sub-11923/ses-01/L2_task-sharedreward_ses-01_model-1_type-act_smTo-6.gfeat	562f0d15e0ac370a69ea36d40fdcb23f5e20f597
11924	01	1,2	fixed_effects	/ZPOOL/data/projects/rf1-sra-sharedreward/derivatives/fsl/sub-11924/ses-01/L2_task-sharedreward_ses-01_model-1_type-act_smTo-6.gfeat	562f0d15e0ac370a69ea36d40fdcb23f5e20f597
11926	01	1,2	fixed_effects	/ZPOOL/data/projects/rf1-sra-sharedreward/derivatives/fsl/sub-11926/ses-01/L2_task-sharedreward_ses-01_model-1_type-act_smTo-6.gfeat	562f0d15e0ac370a69ea36d40fdcb23f5e20f597
11928	01	1,2	fixed_effects	/ZPOOL/data/projects/rf1-sra-sharedreward/derivatives/fsl/sub-11928/ses-01/L2_task-sharedreward_ses-01_model-1_type-act_smTo-6.gfeat	562f0d15e0ac370a69ea36d40fdcb23f5e20f597
11929	01	1,2	fixed_effects	/ZPOOL/data/projects/rf1-sra-sharedreward/derivatives/fsl/sub-11929/ses-01/L2_task-sharedreward_ses-01_model-1_type-act_smTo-6.gfeat	562f0d15e0ac370a69ea36d40fdcb23f5e20f597
11931	01	1,2	fixed_effects	/ZPOOL/data/projects/rf1-sra-sharedreward/derivatives/fsl/sub-11931/ses-01/L2_task-sharedreward_ses-01_model-1_type-act_smTo-6.gfeat	562f0d15e0ac370a69ea36d40fdcb23f5e20f597
11935	01	1,2	fixed_effects	/ZPOOL/data/projects/rf1-sra-sharedreward/derivatives/fsl/sub-11935/ses-01/L2_task-sharedreward_ses-01_model-1_type-act_smTo-6.gfeat	562f0d15e0ac370a69ea36d40fdcb23f5e20f597
11939	01	1,2	fixed_effects	/ZPOOL/data/projects/rf1-sra-sharedreward/derivatives/fsl/sub-11939/ses-01/L2_task-sharedreward_ses-01_model-1_type-act_smTo-6.gfeat	562f0d15e0ac370a69ea36d40fdcb23f5e20f597
11943	01	1,2	fixed_effects	/ZPOOL/data/projects/rf1-sra-sharedreward/derivatives/fsl/sub-11943/ses-01/L2_task-sharedreward_ses-01_model-1_type-act_smTo-6.gfeat	562f0d15e0ac370a69ea36d40fdcb23f5e20f597
11949	01	1,2	fixed_effects	/ZPOOL/data/projects/rf1-sra-sharedreward/derivatives/fsl/sub-11949/ses-01/L2_task-sharedreward_ses-01_model-1_type-act_smTo-6.gfeat	562f0d15e0ac370a69ea36d40fdcb23f5e20f597
11960	01	1,2	fixed_effects	/ZPOOL/data/projects/rf1-sra-sharedreward/derivatives/fsl/sub-11960/ses-01/L2_task-sharedreward_ses-01_model-1_type-act_smTo-6.gfeat	562f0d15e0ac370a69ea36d40fdcb23f5e20f597
11969	01	1,2	fixed_effects	/ZPOOL/data/projects/rf1-sra-sharedreward/derivatives/fsl/sub-11969/ses-01/L2_task-sharedreward_ses-01_model-1_type-act_smTo-6.gfeat	562f0d15e0ac370a69ea36d40fdcb23f5e20f597
11974	01	1,2	fixed_effects	/ZPOOL/data/projects/rf1-sra-sharedreward/derivatives/fsl/sub-11974/ses-01/L2_task-sharedreward_ses-01_model-1_type-act_smTo-6.gfeat	562f0d15e0ac370a69ea36d40fdcb23f5e20f597
11976	01	1,2	fixed_effects	/ZPOOL/data/projects/rf1-sra-sharedreward/derivatives/fsl/sub-11976/ses-01/L2_task-sharedreward_ses-01_model-1_type-act_smTo-6.gfeat	562f0d15e0ac370a69ea36d40fdcb23f5e20f597
11982	01	1,2	fixed_effects	/ZPOOL/data/projects/rf1-sra-sharedreward/derivatives/fsl/sub-11982/ses-01/L2_task-sharedreward_ses-01_model-1_type-act_smTo-6.gfeat	562f0d15e0ac370a69ea36d40fdcb23f5e20f597
11984	01	1,2	fixed_effects	/ZPOOL/data/projects/rf1-sra-sharedreward/derivatives/fsl/sub-11984/ses-01/L2_task-sharedreward_ses-01_model-1_type-act_smTo-6.gfeat	562f0d15e0ac370a69ea36d40fdcb23f5e20f597
12008	01	1,2	fixed_effects	/ZPOOL/data/projects/rf1-sra-sharedreward/derivatives/fsl/sub-12008/ses-01/L2_task-sharedreward_ses-01_model-1_type-act_smTo-6.gfeat	562f0d15e0ac370a69ea36d40fdcb23f5e20f597
12011	01	1,2	fixed_effects	/ZPOOL/data/projects/rf1-sra-sharedreward/derivatives/fsl/sub-12011/ses-01/L2_task-sharedreward_ses-01_model-1_type-act_smTo-6.gfeat	562f0d15e0ac370a69ea36d40fdcb23f5e20f597
12013	01	1,2	fixed_effects	/ZPOOL/data/projects/rf1-sra-sharedreward/derivatives/fsl/sub-12013/ses-01/L2_task-sharedreward_ses-01_model-1_type-act_smTo-6.gfeat	562f0d15e0ac370a69ea36d40fdcb23f5e20f597
12018	01	1,2	fixed_effects	/ZPOOL/data/projects/rf1-sra-sharedreward/derivatives/fsl/sub-12018/ses-01/L2_task-sharedreward_ses-01_model-1_type-act_smTo-6.gfeat	562f0d15e0ac370a69ea36d40fdcb23f5e20f597
12020	01	1,2	fixed_effects	/ZPOOL/data/projects/rf1-sra-sharedreward/derivatives/fsl/sub-12020/ses-01/L2_task-sharedreward_ses-01_model-1_type-act_smTo-6.gfeat	562f0d15e0ac370a69ea36d40fdcb23f5e20f597
12021	01	1,2	fixed_effects	/ZPOOL/data/projects/rf1-sra-sharedreward/derivatives/fsl/sub-12021/ses-01/L2_task-sharedreward_ses-01_model-1_type-act_smTo-6.gfeat	562f0d15e0ac370a69ea36d40fdcb23f5e20f597
12031	01	1,2	fixed_effects	/ZPOOL/data/projects/rf1-sra-sharedreward/derivatives/fsl/sub-12031/ses-01/L2_task-sharedreward_ses-01_model-1_type-act_smTo-6.gfeat	562f0d15e0ac370a69ea36d40fdcb23f5e20f597
12032	01	1,2	fixed_effects	/ZPOOL/data/projects/rf1-sra-sharedreward/derivatives/fsl/sub-12032/ses-01/L2_task-sharedreward_ses-01_model-1_type-act_smTo-6.gfeat	562f0d15e0ac370a69ea36d40fdcb23f5e20f597
12033	01	1,2	fixed_effects	/ZPOOL/data/projects/rf1-sra-sharedreward/derivatives/fsl/sub-12033/ses-01/L2_task-sharedreward_ses-01_model-1_type-act_smTo-6.gfeat	562f0d15e0ac370a69ea36d40fdcb23f5e20f597
12036	01	1,2	fixed_effects	/ZPOOL/data/projects/rf1-sra-sharedreward/derivatives/fsl/sub-12036/ses-01/L2_task-sharedreward_ses-01_model-1_type-act_smTo-6.gfeat	562f0d15e0ac370a69ea36d40fdcb23f5e20f597
12037	01	1	l1_passthrough	/ZPOOL/data/projects/rf1-sra-sharedreward/derivatives/fsl/sub-12037/ses-01/L1_task-sharedreward_ses-01_model-1_type-act_run-1_smTo-6.feat	562f0d15e0ac370a69ea36d40fdcb23f5e20f597
12038	01	1,2	fixed_effects	/ZPOOL/data/projects/rf1-sra-sharedreward/derivatives/fsl/sub-12038/ses-01/L2_task-sharedreward_ses-01_model-1_type-act_smTo-6.gfeat	562f0d15e0ac370a69ea36d40fdcb23f5e20f597
12039	01	1,2	fixed_effects	/ZPOOL/data/projects/rf1-sra-sharedreward/derivatives/fsl/sub-12039/ses-01/L2_task-sharedreward_ses-01_model-1_type-act_smTo-6.gfeat	562f0d15e0ac370a69ea36d40fdcb23f5e20f597
12047	01	1,2	fixed_effects	/ZPOOL/data/projects/rf1-sra-sharedreward/derivatives/fsl/sub-12047/ses-01/L2_task-sharedreward_ses-01_model-1_type-act_smTo-6.gfeat	562f0d15e0ac370a69ea36d40fdcb23f5e20f597
12049	01	1,2	fixed_effects	/ZPOOL/data/projects/rf1-sra-sharedreward/derivatives/fsl/sub-12049/ses-01/L2_task-sharedreward_ses-01_model-1_type-act_smTo-6.gfeat	562f0d15e0ac370a69ea36d40fdcb23f5e20f597
12051	01	1,2	fixed_effects	/ZPOOL/data/projects/rf1-sra-sharedreward/derivatives/fsl/sub-12051/ses-01/L2_task-sharedreward_ses-01_model-1_type-act_smTo-6.gfeat	562f0d15e0ac370a69ea36d40fdcb23f5e20f597
12054	01	1,2	fixed_effects	/ZPOOL/data/projects/rf1-sra-sharedreward/derivatives/fsl/sub-12054/ses-01/L2_task-sharedreward_ses-01_model-1_type-act_smTo-6.gfeat	562f0d15e0ac370a69ea36d40fdcb23f5e20f597
12055	01	1,2	fixed_effects	/ZPOOL/data/projects/rf1-sra-sharedreward/derivatives/fsl/sub-12055/ses-01/L2_task-sharedreward_ses-01_model-1_type-act_smTo-6.gfeat	562f0d15e0ac370a69ea36d40fdcb23f5e20f597
12057	01	1,2	fixed_effects	/ZPOOL/data/projects/rf1-sra-sharedreward/derivatives/fsl/sub-12057/ses-01/L2_task-sharedreward_ses-01_model-1_type-act_smTo-6.gfeat	562f0d15e0ac370a69ea36d40fdcb23f5e20f597
